date,True_open,pred_open,True_high,pred_high,True_low,pred_low,True_close,pred_close
2019-02-05,135.28,133.73,135.82,135.97,134.92,134.32,135.55,135.24
2019-02-06,135.22,134.89,136.65,136.29,135.17,135.4,136.32,135.5
2019-02-07,133.55,135.41,134.47,137.15,132.12,135.74,133.19,136.22
2019-02-08,132.34,132.31,133.71,134.93,132.19,133.36,133.71,134.35
2019-02-11,134.29,133.03,135.15,135.27,133.91,133.09,133.99,134.81
2019-02-12,135.15,134.26,136.2,135.77,134.86,133.72,136.05,134.82
2019-02-13,136.92,135.57,137.92,137.43,136.41,135.43,137.52,135.31
2019-02-14,137.17,137.12,137.6,138.26,136.21,136.87,136.48,136.97
2019-02-15,137.58,136.39,138.19,138.16,137.39,136.27,138.03,136.71
2019-02-19,137.81,138.01,138.7,138.79,137.36,137.44,138.7,138.55
2019-02-20,138.76,138.23,139.24,139.29,137.22,137.84,138.0,139.1
2019-02-21,137.82,138.31,138.35,139.09,137.35,138.07,137.84,139.52
2019-02-22,138.73,137.93,139.38,138.89,138.43,137.38,139.25,138.74
2019-02-25,140.0,139.41,140.47,140.0,139.32,138.62,139.46,140.13
2019-02-26,139.67,139.82,140.49,140.51,139.47,139.31,139.72,140.6
2019-02-27,139.25,139.83,139.57,140.71,138.4,139.4,139.17,140.72
2019-02-28,138.77,139.01,139.06,139.97,137.72,138.43,138.13,139.85
2019-03-01,139.31,138.27,140.04,139.23,138.64,137.7,139.2,139.26
2019-03-04,139.99,139.55,140.08,140.24,137.17,138.76,138.43,140.11
2019-03-05,138.37,138.5,138.74,139.46,137.56,138.12,137.88,139.17
2019-03-06,138.12,137.91,138.39,138.7,136.72,137.28,136.98,137.97
2019-03-07,136.61,137.19,136.89,138.12,134.63,136.19,135.36,136.63
2019-03-08,134.21,134.94,135.24,136.61,133.58,134.65,135.09,134.84
2019-03-11,136.03,133.91,137.73,136.35,135.84,134.2,137.71,135.03
2019-03-12,138.52,136.85,139.7,138.93,137.86,137.38,138.28,137.09
2019-03-13,138.05,138.2,139.32,139.87,137.85,138.93,138.56,138.75
2019-03-14,138.51,138.27,138.94,139.51,138.06,138.73,138.79,138.18
2019-03-15,139.37,138.79,140.33,139.29,139.23,138.45,139.43,138.82
2019-03-18,139.83,139.75,140.37,140.23,138.72,139.43,140.21,140.88
2019-03-19,140.96,140.04,141.7,140.72,140.0,139.73,140.49,140.87
2019-03-20,140.53,141.14,140.7,141.81,138.98,140.39,139.6,141.9
2019-03-21,139.1,139.83,142.12,140.77,138.88,139.21,141.44,140.8
2019-03-22,140.97,141.04,141.44,142.19,138.9,140.07,139.45,141.87
2019-03-25,139.06,139.86,139.91,140.66,138.35,139.21,139.18,140.63
2019-03-26,139.93,139.1,141.02,140.3,139.42,138.51,140.22,139.66
2019-03-27,140.41,140.49,140.49,140.98,138.4,139.51,139.24,140.62
2019-03-28,139.91,139.21,140.44,140.18,139.1,138.9,139.92,139.72
2019-03-29,140.5,139.99,141.22,140.68,140.15,139.33,141.1,140.09
2019-04-01,141.51,140.93,143.41,141.38,141.51,140.15,143.3,140.99
2019-04-02,143.35,142.81,143.95,143.64,142.6,142.08,143.0,143.24
2019-04-03,143.65,143.18,144.22,143.7,143.01,142.39,143.63,143.35
2019-04-04,143.62,143.76,144.14,144.28,142.54,142.87,142.78,144.15
2019-04-05,143.29,143.13,143.5,143.61,142.46,142.33,143.28,143.35
2019-04-08,143.02,143.24,143.42,144.05,142.87,142.63,143.39,143.58
2019-04-09,142.66,143.26,142.95,143.97,141.84,142.7,142.11,143.41
2019-04-10,142.2,142.14,143.5,142.96,141.98,141.68,143.02,142.56
2019-04-11,143.8,142.98,144.11,143.77,143.03,142.3,143.78,143.21
2019-04-12,144.26,143.88,144.44,144.46,143.7,143.34,144.35,144.09
2019-04-15,144.4,144.32,144.46,145.03,143.27,143.9,143.9,144.9
2019-04-16,144.4,144.03,145.39,144.68,144.02,143.46,145.14,144.85
2019-04-17,137.37,145.18,141.98,145.91,136.26,144.3,139.11,146.18
2019-04-18,139.0,137.23,140.49,139.72,138.7,137.75,140.33,137.81
2019-04-22,139.42,140.89,140.56,141.76,138.48,138.98,138.89,141.42
2019-04-23,139.15,138.93,140.92,139.97,138.94,138.35,140.44,138.97
2019-04-24,140.6,140.14,141.31,141.66,139.78,139.7,139.95,140.45
2019-04-25,139.7,140.16,139.75,141.25,137.71,139.66,138.63,140.79
2019-04-26,139.34,138.44,139.89,139.91,138.81,138.11,139.44,139.06
2019-04-29,139.15,139.61,139.63,140.53,138.81,138.61,139.05,139.98
2019-04-30,139.11,138.91,140.44,140.12,138.68,138.28,140.27,139.45
2019-05-01,140.55,139.63,141.81,140.86,140.17,139.31,140.56,140.04
2019-05-02,140.5,140.74,141.28,141.66,139.41,140.05,139.59,141.19
2019-05-03,139.7,139.65,141.0,140.75,139.63,139.18,140.25,140.09
2019-05-06,138.3,140.16,140.69,141.09,137.9,139.24,140.38,140.4
2019-05-07,139.15,139.12,139.51,140.48,136.19,138.67,137.64,139.6
2019-05-08,137.77,137.36,138.7,138.6,137.13,137.19,138.0,137.72
2019-05-09,134.89,137.81,135.58,139.08,133.03,137.28,135.34,138.08
2019-05-10,134.88,133.84,135.75,136.27,132.42,134.73,135.32,133.91
2019-05-13,133.28,134.65,133.57,136.5,130.96,135.11,131.42,134.71
2019-05-14,131.82,131.4,134.32,133.28,131.68,129.58,133.31,131.53
2019-05-15,132.59,133.25,134.59,134.97,132.37,132.19,134.4,133.4
2019-05-16,134.74,133.62,136.11,135.15,134.64,133.28,135.88,134.09
2019-05-17,134.68,135.68,135.41,137.42,133.94,135.91,134.32,135.58
2019-05-20,133.53,134.16,135.43,136.09,132.93,134.03,135.12,133.99
2019-05-21,136.12,134.45,137.06,136.25,135.79,134.3,136.45,134.08
2019-05-22,136.0,136.74,136.75,137.72,135.71,135.68,136.35,135.57
2019-05-23,135.13,135.97,135.13,137.75,130.44,135.77,132.39,135.25
2019-05-24,133.53,132.12,134.25,134.25,131.59,131.19,132.28,132.86
2019-05-28,132.13,132.93,132.64,134.84,130.27,130.83,130.46,132.04
2019-05-29,130.0,130.59,130.28,132.25,128.32,128.44,129.69,130.01
2019-05-30,129.74,129.11,129.97,131.15,128.93,128.0,129.57,128.96
2019-05-31,128.44,129.32,128.44,130.34,126.85,127.87,126.99,129.35
2019-06-03,127.1,126.35,128.56,128.01,127.06,125.42,128.27,126.95
2019-06-04,129.56,127.46,132.74,128.83,129.09,126.31,132.69,127.44
2019-06-05,133.38,131.59,133.61,132.3,130.47,129.83,131.49,130.11
2019-06-06,132.19,131.69,132.65,133.0,130.9,128.95,132.22,129.12
2019-06-07,132.47,131.9,134.72,133.75,132.21,130.38,133.31,129.35
2019-06-10,134.38,133.38,135.35,135.0,133.91,132.14,134.74,130.38
2019-06-11,135.32,134.67,136.46,136.11,135.05,133.89,135.95,131.74
2019-06-12,135.56,135.69,135.94,137.07,134.41,135.24,134.87,133.24
2019-06-13,135.13,134.88,136.27,136.45,135.09,134.52,135.76,133.54
2019-06-14,135.44,135.77,135.88,137.05,134.43,135.13,135.15,134.84
2019-06-17,135.39,135.12,136.03,136.75,134.7,134.59,134.95,134.6
2019-06-18,135.2,135.33,137.19,136.86,135.2,134.73,136.38,135.01
2019-06-19,136.43,136.23,138.36,137.62,136.24,135.73,137.08,136.23
2019-06-20,138.93,137.18,139.54,138.31,138.2,136.62,138.85,137.2
2019-06-21,138.44,139.06,139.54,139.44,138.39,138.34,139.2,139.25
2019-06-24,139.2,138.55,140.15,139.46,139.05,138.32,139.35,139.48
2019-06-25,139.46,139.45,139.55,140.28,138.13,138.44,138.36,139.85
2019-06-26,138.87,138.32,139.68,139.34,138.41,137.87,138.52,139.15
2019-06-27,138.72,138.74,139.3,139.71,137.95,137.99,138.52,139.17
2019-06-28,138.57,138.31,139.14,139.5,137.84,137.72,137.9,138.7
2019-07-01,139.6,137.85,141.49,138.65,139.28,137.54,139.88,138.7
2019-07-02,139.75,140.27,140.43,141.03,139.47,139.43,140.22,140.23
2019-07-03,140.72,139.61,141.82,140.62,140.43,139.31,141.54,139.62
2019-07-05,140.87,141.35,141.49,142.14,139.91,140.78,141.38,141.67
2019-07-08,141.05,140.74,141.29,141.51,140.27,140.38,140.57,141.57
2019-07-09,140.61,140.87,140.99,141.56,139.13,139.92,139.33,141.59
2019-07-10,140.0,139.78,141.91,140.53,139.79,138.66,140.47,140.37
2019-07-11,140.79,140.83,141.58,141.61,140.3,139.64,141.24,140.68
2019-07-12,141.92,140.9,142.92,141.83,141.66,140.31,142.74,140.77
2019-07-15,142.89,142.46,143.51,143.42,142.12,141.95,143.32,142.84
2019-07-16,143.17,143.01,144.04,143.52,143.02,142.34,143.53,143.68
2019-07-17,143.61,143.71,143.8,144.23,141.95,142.69,143.07,144.39
2019-07-18,142.5,143.0,150.31,143.69,142.2,142.25,149.63,144.06
2019-07-19,149.96,147.33,151.58,148.78,149.55,146.3,149.68,148.8
2019-07-22,150.16,150.47,151.94,150.46,149.7,148.81,149.74,149.67
2019-07-23,150.57,149.81,150.72,150.87,148.38,148.79,150.38,149.11
2019-07-24,150.12,149.41,151.45,150.15,149.2,148.33,150.03,148.87
2019-07-25,149.82,149.56,150.62,150.56,148.61,148.8,150.39,149.34
2019-07-26,151.0,149.21,151.41,150.27,150.1,148.53,151.36,149.09
2019-07-29,151.11,150.78,151.48,151.51,150.32,149.91,150.88,150.64
2019-07-30,150.0,150.45,150.4,151.35,149.22,149.68,149.77,150.4
2019-07-31,149.7,149.33,150.18,150.22,146.39,148.46,148.24,149.18
2019-08-01,148.9,147.98,152.82,148.91,148.5,146.82,150.32,148.12
2019-08-02,149.03,150.27,152.95,151.55,145.59,149.48,147.25,150.25
2019-08-05,144.98,147.25,145.1,148.86,139.15,146.57,140.76,147.46
2019-08-06,142.03,140.45,142.47,142.86,139.31,140.69,140.73,140.94
2019-08-07,138.74,141.07,139.58,142.48,136.41,139.99,139.11,141.57
2019-08-08,138.45,137.62,140.42,140.08,137.76,137.65,140.1,138.82
2019-08-09,139.27,139.6,139.31,141.25,135.35,139.19,136.13,140.62
2019-08-12,135.66,136.52,135.87,138.43,133.18,136.32,134.12,136.11
2019-08-13,133.8,134.46,136.57,136.11,132.81,133.15,135.79,132.83
2019-08-14,133.91,135.41,134.16,136.53,130.98,134.71,131.25,135.08
2019-08-15,131.22,131.72,132.37,132.94,130.25,128.88,131.92,131.0
2019-08-16,133.04,131.75,134.59,132.87,132.95,129.55,133.76,131.33
2019-08-19,134.88,134.5,136.33,134.66,134.88,131.73,135.04,133.63
2019-08-20,135.24,135.82,135.28,136.21,132.81,133.9,133.0,134.87
2019-08-21,134.96,133.68,135.94,134.64,133.8,130.58,134.25,132.58
2019-08-22,134.69,135.02,135.68,135.83,133.81,132.14,134.32,134.09
2019-08-23,133.63,134.36,134.26,135.65,128.83,132.0,129.57,133.74
2019-08-26,131.05,130.19,131.3,131.98,129.16,125.68,129.99,129.21
2019-08-27,131.2,130.22,131.7,131.62,130.31,126.96,131.17,129.62
2019-08-28,130.44,130.97,132.89,131.49,130.04,127.22,132.76,129.78
2019-08-29,134.18,131.59,135.69,133.04,134.04,129.49,134.88,130.5
2019-08-30,135.58,134.95,136.07,136.02,134.36,134.01,135.53,132.84
2019-09-03,134.85,135.07,134.9,136.76,133.33,135.39,134.1,132.68
2019-09-04,135.71,134.04,136.43,135.73,135.15,133.95,136.32,133.24
2019-09-05,138.3,136.63,141.7,137.77,138.05,135.47,140.97,135.1
2019-09-06,141.52,140.77,141.53,141.13,140.46,139.42,140.57,140.26
2019-09-09,140.59,140.89,143.02,141.25,140.46,139.83,142.6,140.44
2019-09-10,143.0,141.79,145.46,142.45,142.96,140.53,145.05,142.01
2019-09-11,144.85,144.37,145.12,144.66,142.71,142.5,143.6,144.47
2019-09-12,144.03,143.06,144.04,143.84,141.88,141.91,143.62,143.34
2019-09-13,144.32,142.77,144.65,143.89,143.26,141.6,143.67,143.0
2019-09-16,142.56,143.47,143.64,144.26,142.27,142.36,142.48,143.53
2019-09-17,142.48,141.81,142.48,143.24,140.66,141.21,142.2,142.11
2019-09-18,142.05,141.32,142.3,142.47,140.51,140.59,142.22,141.87
2019-09-19,142.46,141.41,145.03,142.55,142.45,140.39,142.97,141.64
2019-09-20,143.25,143.11,143.83,144.05,141.82,141.93,141.88,143.21
2019-09-23,141.19,141.74,142.22,142.69,140.56,140.93,142.07,142.13
2019-09-24,142.5,141.31,142.89,142.85,141.07,140.12,141.68,141.25
2019-09-25,141.74,141.85,143.63,142.36,140.86,140.62,143.16,141.62
2019-09-26,143.17,142.42,143.88,143.47,141.41,141.58,143.55,142.45
2019-09-27,144.41,142.92,145.09,143.74,142.38,142.34,143.24,143.09
2019-09-30,143.73,143.47,146.57,144.37,143.73,142.96,145.42,143.72
2019-10-01,145.59,144.92,147.35,146.13,143.54,144.36,143.66,144.99
2019-10-02,142.19,144.48,142.27,145.09,140.57,143.91,141.69,144.62
2019-10-03,141.62,140.89,142.07,142.0,139.18,140.71,142.02,140.91
2019-10-04,142.06,141.24,143.06,141.96,141.03,140.64,142.99,141.56
2019-10-07,142.26,142.25,142.7,143.41,141.22,142.06,141.28,142.94
2019-10-08,140.24,141.11,140.47,142.36,138.25,141.1,138.38,141.79
2019-10-09,139.77,138.26,140.33,139.64,138.79,137.82,139.67,138.92
2019-10-10,139.77,139.63,141.78,140.56,139.56,138.5,141.13,140.19
2019-10-11,142.77,140.3,144.5,141.89,142.61,139.88,142.76,141.15
2019-10-14,142.31,143.04,142.43,144.04,141.32,142.55,142.04,143.58
2019-10-15,142.54,141.14,143.72,142.43,141.81,140.92,143.0,141.65
2019-10-16,142.49,142.84,142.95,143.45,141.39,141.85,142.11,143.1
2019-10-17,135.0,141.55,136.0,142.28,132.91,140.96,134.26,141.58
2019-10-18,134.22,131.99,134.49,134.75,132.25,132.02,134.09,133.61
2019-10-21,132.61,134.06,133.1,135.61,130.9,133.1,132.58,133.28
2019-10-22,132.55,131.78,134.05,133.8,131.61,130.48,133.96,131.98
2019-10-23,133.52,133.54,134.57,134.84,132.7,133.01,134.38,133.41
2019-10-24,134.83,133.98,135.07,135.12,133.3,133.52,134.07,133.91
2019-10-25,134.12,134.46,135.93,135.58,134.1,133.34,135.44,133.94
2019-10-28,136.0,135.26,136.63,136.88,135.45,134.7,135.97,135.07
2019-10-29,135.42,136.13,135.57,137.54,133.44,135.17,133.82,135.63
2019-10-30,133.83,133.82,135.28,135.66,133.2,132.79,135.25,133.61
2019-10-31,135.11,134.61,135.25,136.63,133.23,133.9,133.73,134.35
2019-11-01,134.5,133.81,135.56,135.33,134.09,132.22,135.53,133.57
2019-11-04,136.24,134.94,137.74,136.74,136.23,134.34,137.67,134.53
2019-11-05,137.8,137.09,138.76,138.58,137.63,136.65,137.89,136.01
2019-11-06,138.0,137.71,138.78,139.51,137.55,137.8,138.78,137.12
2019-11-07,137.87,138.11,139.14,138.95,137.58,138.47,137.69,138.48
2019-11-08,137.58,137.98,137.61,139.0,136.16,137.79,137.61,138.94
2019-11-11,137.2,137.44,137.2,138.78,135.0,136.76,135.47,138.26
2019-11-12,135.87,136.08,136.66,137.41,135.02,135.01,135.59,136.3
2019-11-13,135.39,135.76,135.58,137.05,133.85,134.9,134.48,135.25
2019-11-14,134.13,134.24,134.33,135.76,133.33,133.85,134.0,133.7
2019-11-15,134.39,133.35,135.12,135.25,134.03,133.2,134.4,133.73
2019-11-18,134.3,134.01,134.48,135.83,133.23,133.79,134.31,134.47
2019-11-19,134.88,133.33,135.38,135.31,134.46,133.1,134.52,134.17
2019-11-20,134.06,134.3,134.46,136.1,132.75,134.13,133.2,134.75
2019-11-21,133.4,132.57,134.17,134.3,132.98,131.51,133.84,133.29
2019-11-22,134.19,133.21,134.65,134.83,133.59,132.11,134.34,133.96
2019-11-25,134.47,133.65,136.0,135.29,134.35,132.96,135.97,134.27
2019-11-26,136.15,134.92,136.15,137.13,134.77,135.17,135.09,134.78
2019-11-27,135.35,134.81,135.71,136.55,133.62,134.96,133.77,134.64
2019-11-29,133.6,133.88,134.52,135.55,133.03,133.58,134.45,133.86
2019-12-02,134.45,133.72,134.5,135.65,132.48,133.22,132.91,133.39
2019-12-03,132.0,132.93,132.44,134.46,130.69,131.52,132.12,132.89
2019-12-04,132.86,131.09,133.68,133.17,131.96,130.27,131.99,131.0
2019-12-05,132.99,132.25,133.24,133.49,131.63,130.49,131.91,131.88
2019-12-06,132.75,131.72,133.89,133.49,132.7,130.39,133.22,131.16
2019-12-09,133.35,132.88,134.59,134.58,133.26,131.87,133.92,131.74
2019-12-10,133.92,133.46,134.84,135.45,133.56,133.44,133.91,131.95
2019-12-11,134.11,133.72,134.51,135.39,133.67,133.88,133.76,131.76
2019-12-12,133.7,133.79,135.66,135.02,133.66,133.58,135.32,132.07
2019-12-13,134.75,134.72,135.5,136.03,134.01,134.61,134.21,133.3
2019-12-16,134.94,134.48,135.45,135.94,133.85,134.21,134.13,132.9
2019-12-17,134.28,134.53,134.69,135.89,133.46,134.25,134.22,133.43
2019-12-18,134.55,134.15,135.0,135.56,134.15,133.8,134.41,133.11
2019-12-19,134.46,134.59,134.73,136.0,134.19,134.37,134.56,133.53
2019-12-20,135.74,134.41,136.42,135.77,134.95,134.61,135.59,134.02
2019-12-23,135.78,135.75,136.15,136.35,135.0,135.88,135.55,135.44
2019-12-24,135.61,135.69,135.62,137.06,134.61,135.57,134.98,135.3
2019-12-26,134.98,135.31,135.31,136.81,134.65,134.93,134.91,134.63
2019-12-27,135.0,135.1,135.75,136.32,134.87,134.53,135.27,134.32
2019-12-30,135.2,135.32,135.3,136.53,132.5,134.82,132.81,134.34
2019-12-31,132.53,133.16,134.12,134.56,132.4,132.83,134.04,133.26
2020-01-02,135.0,133.15,135.92,135.24,134.77,132.83,135.42,132.19
2020-01-03,133.57,135.17,134.86,136.62,133.56,135.11,134.34,133.47
2020-01-06,133.42,133.36,134.24,135.87,133.2,134.4,134.1,132.46
2020-01-07,133.69,133.71,134.96,135.16,133.4,133.83,134.19,132.27
2020-01-08,134.51,134.11,135.86,135.17,133.92,133.58,135.31,132.16
2020-01-09,135.74,134.87,136.79,136.31,135.31,134.93,136.74,133.0
2020-01-10,137.0,136.18,137.87,137.56,136.31,136.74,136.69,134.54
2020-01-13,135.48,136.97,136.64,137.81,135.07,137.18,136.6,136.33
2020-01-14,136.28,136.04,137.14,137.35,135.55,136.05,135.82,136.04
2020-01-15,136.0,136.45,138.06,137.27,135.71,135.57,136.62,136.06
2020-01-16,137.32,136.72,138.19,137.92,137.01,136.33,137.98,136.67
2020-01-17,136.54,137.76,138.33,138.59,136.16,137.76,138.31,137.94
2020-01-21,137.81,137.21,139.35,138.2,137.6,137.94,139.17,138.66
2020-01-22,143.32,138.85,145.79,139.53,142.55,138.98,143.89,140.17
2020-01-23,144.2,144.62,144.41,144.77,142.15,143.53,142.87,143.77
2020-01-24,143.39,142.8,143.92,143.55,140.46,141.84,140.56,143.42
2020-01-27,138.5,141.12,140.07,142.13,138.1,140.17,138.62,141.06
2020-01-28,139.5,137.67,140.47,139.55,138.75,137.08,139.55,137.71
2020-01-29,139.17,139.26,139.58,139.99,137.6,138.14,137.69,138.86
2020-01-30,136.76,137.27,136.97,138.75,134.97,136.94,136.77,137.49
2020-01-31,142.9,135.35,144.05,137.2,140.79,135.52,143.73,135.17
2020-02-03,144.25,142.95,147.28,143.83,143.9,143.04,146.27,143.76
2020-02-04,147.78,144.83,149.38,146.61,146.88,144.66,149.11,144.49
2020-02-05,150.21,148.4,157.44,149.43,150.15,146.96,156.33,147.87
2020-02-06,156.82,154.13,158.75,154.75,155.42,151.68,156.76,154.11
2020-02-07,154.55,156.4,155.54,156.4,152.92,153.78,153.41,155.06
2020-02-10,152.97,152.0,154.44,153.14,151.58,150.07,154.43,150.91
2020-02-11,155.12,152.33,155.22,153.67,152.73,151.12,153.48,151.57
2020-02-12,153.75,152.65,155.6,153.52,153.52,151.58,155.31,152.41
2020-02-13,154.37,153.54,154.83,155.07,153.41,153.05,154.31,153.28
2020-02-14,154.42,152.98,154.56,154.01,149.77,151.94,150.7,152.61
2020-02-18,149.79,150.4,151.38,151.84,149.64,149.11,151.1,150.25
2020-02-19,151.54,149.84,151.89,151.48,150.31,149.35,150.86,149.73
2020-02-20,150.81,150.7,151.62,151.68,149.51,149.72,151.22,150.88
2020-02-21,151.04,150.25,151.04,151.49,148.84,149.54,149.84,150.33
2020-02-24,145.51,149.52,148.05,150.35,145.38,148.13,146.43,149.42
2020-02-25,146.51,145.18,147.07,146.85,141.26,143.87,141.71,145.12
2020-02-26,142.9,142.73,144.06,144.49,139.6,142.11,139.75,143.47
2020-02-27,137.24,140.33,138.69,142.85,133.01,139.9,133.11,141.47
2020-02-28,129.98,133.07,131.09,136.89,126.36,132.04,130.15,131.47
2020-03-02,130.75,127.22,134.44,130.09,127.95,126.34,134.3,128.19
2020-03-03,134.48,132.2,136.1,133.49,127.8,132.6,128.9,132.16
2020-03-04,131.58,130.12,134.28,132.36,129.0,127.08,134.22,130.06
2020-03-05,130.5,133.36,132.29,135.34,128.45,132.62,129.55,131.88
2020-03-06,126.7,129.64,128.33,131.81,124.52,125.73,127.73,127.64
2020-03-09,120.16,125.96,122.41,128.18,117.28,124.41,117.81,124.42
2020-03-10,122.78,118.98,124.88,120.84,115.76,116.24,124.77,116.52
2020-03-11,121.01,121.87,122.58,125.41,116.38,121.19,117.97,120.5
2020-03-12,109.65,118.76,109.8,120.86,102.28,115.31,102.81,117.56
2020-03-13,108.68,103.99,109.16,107.68,100.81,100.21,107.95,101.92
2020-03-16,98.0,108.03,107.41,112.31,95.0,104.31,99.08,107.01
2020-03-17,100.61,99.85,107.4,104.01,97.1,95.86,106.65,99.84
2020-03-18,99.41,106.49,106.93,109.79,99.4,103.09,103.55,105.85
2020-03-19,102.33,103.81,103.69,106.49,98.24,99.02,100.34,103.29
2020-03-20,100.92,101.77,100.99,104.01,94.71,97.31,95.39,100.94
2020-03-23,94.6,97.22,97.74,100.58,90.56,92.85,94.77,97.19
2020-03-24,99.99,95.32,106.04,99.18,99.26,92.21,105.48,95.31
2020-03-25,105.48,106.17,112.48,108.99,102.83,102.58,105.85,106.43
2020-03-26,106.91,106.96,113.15,109.46,105.57,103.38,112.89,107.31
2020-03-27,108.58,112.31,111.5,114.06,107.65,110.03,108.03,112.01
2020-03-30,108.09,108.71,113.46,110.04,107.81,104.58,112.93,108.07
2020-03-31,112.0,112.21,113.81,114.55,110.17,109.84,110.93,112.25
2020-04-01,106.36,111.06,109.92,112.92,104.52,107.77,105.14,111.21
2020-04-02,105.37,105.14,110.32,107.88,105.14,103.23,110.0,104.91
2020-04-03,108.92,109.07,110.07,111.64,104.92,107.34,106.34,109.49
2020-04-06,110.35,106.14,115.63,108.46,110.13,103.99,114.82,106.79
2020-04-07,118.8,115.05,119.57,117.36,114.87,114.0,114.94,115.61
2020-04-08,116.31,115.75,119.96,117.81,115.07,115.5,119.29,116.96
2020-04-09,120.48,118.63,122.92,120.74,120.17,118.03,121.5,118.83
2020-04-13,121.63,121.58,121.8,123.16,118.04,120.76,121.15,120.7
2020-04-14,123.46,119.71,125.18,122.03,122.62,119.06,123.91,120.04
2020-04-15,119.12,124.1,120.19,125.99,116.76,123.2,118.69,122.29
2020-04-16,119.01,116.56,119.75,119.35,114.42,116.05,115.73,118.53
2020-04-17,119.3,115.73,120.39,118.3,117.92,114.01,120.12,115.99
2020-04-20,119.15,119.7,122.86,122.13,118.14,118.11,120.41,120.2
2020-04-21,114.0,119.95,117.15,122.64,112.06,118.37,116.76,120.87
2020-04-22,119.87,114.32,120.33,117.19,117.55,111.82,119.31,114.45
2020-04-23,119.57,119.78,123.03,121.25,119.12,117.36,121.35,119.33
2020-04-24,122.41,121.11,125.0,123.16,120.76,119.48,124.72,121.84
2020-04-27,125.56,124.17,126.99,125.76,125.47,122.47,125.92,125.03
2020-04-28,128.03,126.46,128.2,127.51,125.38,125.08,126.27,127.55
2020-04-29,128.88,126.63,129.31,128.07,127.53,125.84,128.69,127.55
2020-04-30,126.52,127.82,127.27,130.19,125.22,128.14,125.56,128.64
2020-05-01,123.19,125.76,123.47,127.17,121.39,125.51,121.87,126.38
2020-05-04,120.82,121.34,121.97,123.17,119.39,120.76,121.68,121.44
2020-05-05,123.39,120.88,124.32,122.33,122.47,119.83,122.58,120.63
2020-05-06,123.24,123.23,124.05,124.51,122.41,121.93,123.17,123.81
2020-05-07,122.98,123.18,123.26,124.67,120.85,122.27,121.23,124.76
2020-05-08,122.67,121.5,123.23,122.86,121.06,120.05,122.99,121.85
2020-05-11,121.81,122.99,123.45,124.01,120.67,121.51,122.59,123.3
2020-05-12,123.01,122.09,124.32,123.41,120.26,121.2,120.26,123.15
2020-05-13,119.95,121.08,119.99,122.55,114.85,119.64,115.73,121.31
2020-05-14,114.57,115.65,117.09,117.87,111.81,113.66,116.95,115.45
2020-05-15,115.93,115.51,117.39,118.19,115.25,114.64,116.98,115.28
2020-05-18,119.88,116.64,122.36,117.91,119.75,115.05,121.56,116.71
2020-05-19,121.19,122.19,122.17,122.92,120.14,121.08,120.29,122.45
2020-05-20,120.93,120.69,122.47,121.93,120.6,119.73,121.38,121.4
2020-05-21,120.99,122.04,121.72,123.04,118.97,120.87,119.12,122.1
2020-05-22,119.37,119.43,119.47,120.93,117.59,117.94,118.39,119.32
2020-05-26,121.3,118.51,122.62,119.75,121.01,117.19,121.76,117.91
2020-05-27,123.94,122.8,125.83,123.72,123.47,120.71,125.54,122.35
2020-05-28,126.87,125.82,126.97,126.79,124.22,125.04,124.53,127.46
2020-05-29,123.67,125.28,125.13,126.32,122.24,124.9,124.9,126.69
2020-06-01,124.64,124.52,125.75,125.29,124.03,123.53,124.89,125.42
2020-06-02,125.67,124.98,126.0,125.9,124.66,124.45,126.0,125.51
2020-06-03,127.15,125.88,129.6,126.74,127.0,125.43,129.05,126.22
2020-06-04,127.78,128.2,128.95,129.36,127.02,128.22,128.89,128.73
2020-06-05,133.89,127.84,134.23,128.93,131.75,127.77,132.06,128.49
2020-06-08,132.27,133.13,135.88,133.51,132.27,131.84,135.75,131.77
2020-06-09,133.52,133.65,133.6,135.59,131.02,133.02,131.87,133.69
2020-06-10,132.15,131.01,132.23,133.14,129.8,131.02,129.87,131.84
2020-06-11,126.03,129.69,126.1,132.28,117.84,128.79,118.01,131.0
2020-06-12,121.25,118.16,123.12,120.95,119.28,117.66,121.91,118.95
2020-06-15,119.19,122.07,122.37,123.93,118.29,119.93,121.65,120.97
2020-06-16,125.0,120.18,127.5,122.58,123.16,118.81,125.15,121.43
2020-06-17,125.83,126.13,126.25,127.21,123.4,124.25,124.15,127.33
2020-06-18,123.0,124.16,124.4,125.83,122.33,123.33,124.16,125.24
2020-06-19,126.17,123.84,126.82,125.18,122.25,123.04,122.47,124.94
2020-06-22,122.12,123.83,122.5,125.1,120.53,121.14,121.07,124.48
2020-06-23,122.01,121.08,122.9,122.84,119.23,119.5,119.41,121.15
2020-06-24,118.32,120.39,118.32,122.04,115.88,117.62,116.42,119.76
2020-06-25,116.76,116.13,119.21,118.55,116.1,114.28,119.03,115.59
2020-06-26,118.26,118.76,118.99,120.43,116.26,116.83,117.19,118.31
2020-06-29,117.98,117.21,119.78,118.61,117.37,114.17,119.75,116.7
2020-06-30,119.19,119.59,121.2,120.89,119.0,118.31,120.77,118.96
2020-07-01,120.27,120.72,121.23,121.55,118.37,118.85,118.54,120.57
2020-07-02,119.69,119.06,121.42,120.32,119.26,116.54,119.7,119.05
2020-07-06,121.25,120.46,121.85,121.66,119.46,118.2,120.19,120.29
2020-07-07,119.0,120.58,119.51,121.8,117.33,118.36,117.58,120.83
2020-07-08,118.06,117.52,118.64,119.25,116.48,116.05,117.71,117.43
2020-07-09,118.0,117.58,118.0,119.06,115.2,116.07,115.71,117.19
2020-07-10,115.5,115.52,118.57,117.33,115.29,114.27,118.35,115.73
2020-07-13,119.78,117.69,120.99,119.92,118.66,117.58,119.2,117.89
2020-07-14,118.62,119.59,120.89,120.63,117.92,118.28,120.6,120.04
2020-07-15,122.4,119.79,123.96,121.56,122.15,119.75,123.0,120.42
2020-07-16,122.68,123.68,124.48,124.35,122.16,122.2,124.01,124.6
2020-07-17,124.39,123.77,125.63,124.62,123.2,123.14,125.11,125.19
2020-07-20,126.07,125.16,127.07,125.89,125.14,124.45,126.37,125.61
2020-07-21,131.16,126.69,132.17,127.41,125.8,125.86,126.06,126.76
2020-07-22,125.9,127.82,129.47,129.32,125.8,126.16,128.67,128.16
2020-07-23,129.1,127.09,129.37,129.91,127.15,126.98,127.33,127.65
2020-07-24,126.48,127.14,127.6459,128.93,125.5,126.27,125.79,128.08
2020-07-27,124.86,125.67,126.32,127.39,124.71,124.96,126.21,127.26
2020-07-28,125.82,125.42,126.34,126.81,124.15,124.86,124.47,127.36
2020-07-29,124.56,124.36,125.99,125.84,124.07,123.5,125.32,126.26
2020-07-30,123.71,124.9,123.9046,126.45,121.64,124.3,122.9,127.73
2020-07-31,122.71,122.14,122.99,123.66,121.09,121.01,122.94,123.12
2020-08-03,123.5,122.45,124.41,123.78,122.15,120.83,124.31,122.79
2020-08-04,123.82,123.65,125.86,125.1,123.82,123.11,125.84,125.55
2020-08-05,126.73,125.24,126.75,126.75,124.61,125.17,125.45,127.98
2020-08-06,125.0,125.37,126.26,126.74,125.0,124.86,126.12,127.02
2020-08-07,123.5,125.68,125.07,127.08,123.21,125.53,124.96,127.27
2020-08-10,125.42,123.96,127.24,125.3,125.1849,124.26,127.11,126.39
2020-08-11,128.76,126.36,130.47,127.89,126.61,126.51,126.75,127.9
2020-08-12,127.61,127.07,127.79,128.86,125.876,126.69,126.7,128.21
2020-08-13,125.96,126.38,126.39,127.87,124.77,126.38,125.03,127.52
2020-08-14,124.2,125.29,125.56,125.89,123.91,125.02,125.27,126.28
2020-08-17,125.25,124.87,125.59,125.86,124.41,125.13,124.44,126.65
2020-08-18,125.0,124.57,125.5,125.49,124.24,124.51,124.92,126.39
2020-08-19,124.83,124.77,125.5,125.98,123.5,124.97,123.84,126.52
2020-08-20,123.2,123.81,124.04,125.05,122.81,124.07,123.15,125.8
2020-08-21,123.01,122.83,123.4842,124.1,122.31,123.41,123.16,123.99
2020-08-24,123.79,122.66,126.06,123.88,123.36,123.05,125.68,123.46
2020-08-25,126.0,125.06,126.82,126.56,124.49,125.47,124.64,126.9
2020-08-26,124.95,124.62,125.12,126.12,123.95,124.83,124.17,125.98
2020-08-27,124.6,123.99,125.1,125.28,123.98,124.22,124.65,125.41
2020-08-28,124.96,124.32,125.3,125.42,124.2187,124.65,125.07,126.0
2020-08-31,125.25,124.6,125.25,125.86,123.03,125.04,123.31,126.16
2020-09-01,122.85,123.25,123.95,124.67,122.15,123.36,123.4,124.78
2020-09-02,123.72,122.77,128.7,124.26,123.575,123.47,128.18,123.76
2020-09-03,128.19,126.73,129.95,128.75,123.65,127.04,124.45,128.62
2020-09-04,124.35,125.29,125.35,126.64,121.24,124.45,122.3,126.69
2020-09-08,122.16,122.47,122.87,123.89,120.71,121.77,121.21,123.0
2020-09-09,122.13,121.15,123.7,122.15,121.29,120.59,122.26,120.99
2020-09-10,122.53,122.08,123.5764,124.01,120.24,122.28,120.56,122.69
2020-09-11,121.39,120.42,122.7,122.49,120.73,120.37,121.46,120.87
2020-09-14,122.36,121.31,123.38,123.04,121.76,121.45,122.09,121.36
2020-09-15,122.82,121.98,123.4,123.34,122.24,121.92,122.44,122.57
2020-09-16,122.71,122.29,125.82,123.77,122.71,122.58,124.22,122.91
2020-09-17,122.62,124.01,125.55,125.55,121.97,124.35,124.92,125.41
2020-09-18,124.26,123.77,124.92,125.32,122.65,124.54,122.76,125.66
2020-09-21,120.48,123.01,120.7,124.06,118.58,122.2,120.25,124.4
2020-09-22,120.33,119.16,121.45,120.67,119.53,118.39,120.51,119.08
2020-09-23,120.8,120.35,121.59,121.68,118.43,119.63,118.83,120.29
2020-09-24,118.1,118.76,119.515,120.69,116.48,117.96,118.09,119.23
2020-09-25,117.6,117.55,119.41,119.7,116.94,117.24,118.95,117.59
2020-09-28,120.57,118.37,122.33,119.87,120.41,117.92,121.73,118.2
2020-09-29,121.41,121.92,122.1858,122.79,120.21,121.36,120.94,122.19
2020-09-30,121.38,120.75,122.91,122.1,120.8,120.54,121.67,121.56
2020-10-01,122.36,122.09,123.3,123.04,120.355,121.16,121.09,122.65
2020-10-02,119.04,121.25,121.75,122.42,118.82,120.61,120.57,121.9
2020-10-05,121.84,120.05,122.75,121.45,121.05,119.87,122.01,120.44
2020-10-06,122.58,122.2,124.83,123.1,121.59,121.47,121.97,122.84
2020-10-07,122.67,122.45,124.39,123.93,122.32,122.18,124.07,123.82
2020-10-08,130.86,123.87,135.5,125.04,129.77,123.87,131.49,126.04
2020-10-09,132.0,131.35,132.0,133.26,127.6,129.3,127.79,131.3
2020-10-12,128.07,128.24,128.25,130.33,126.44,126.67,127.21,129.17
2020-10-13,126.57,126.67,127.15,128.44,124.46,126.04,125.1,127.77
2020-10-14,125.13,124.98,126.94,126.47,125.13,124.07,125.94,126.85
2020-10-15,124.08,125.5,125.215,127.22,123.85,125.11,124.89,128.5
2020-10-16,125.17,123.8,126.43,125.44,124.655,123.67,125.93,126.62
2020-10-19,126.8,125.51,127.35,126.93,125.08,124.86,125.52,128.04
2020-10-20,119.8,125.59,120.15,127.06,116.84,124.21,117.37,127.12
2020-10-21,116.66,116.34,117.6899,118.99,114.79,113.52,115.06,115.15
2020-10-22,115.0,114.83,116.06,117.53,112.98,112.63,115.76,113.91
2020-10-23,116.5,114.74,116.62,117.09,115.53,113.07,116.0,114.84
2020-10-26,114.45,116.25,114.9,117.55,111.84,114.8,112.22,116.28
2020-10-27,112.15,112.24,112.22,114.45,110.03,110.17,110.56,111.96
2020-10-28,108.66,110.85,109.73,112.74,105.92,108.73,106.65,110.26
2020-10-29,107.25,107.12,109.64,109.37,106.55,104.3,108.91,106.39
2020-10-30,107.9,109.0,111.8,111.13,107.75,107.0,111.66,108.87
2020-11-02,112.65,111.01,113.8265,112.97,112.25,108.77,112.91,111.11
2020-11-03,114.0,113.54,115.65,114.44,113.63,110.97,114.16,113.33
2020-11-04,112.33,114.82,113.91,116.13,111.16,112.66,111.9,114.57
2020-11-05,113.3,112.11,115.29,113.94,113.01,109.69,114.77,111.6
2020-11-06,115.08,115.04,115.1,116.33,113.39,112.75,114.04,114.68
2020-11-09,117.88,113.95,119.74,115.55,115.27,111.69,115.53,113.97
2020-11-10,116.69,116.98,118.17,119.05,116.25,114.58,117.91,116.55
2020-11-11,118.12,117.41,118.35,119.44,116.22,116.19,117.2,117.61
2020-11-12,115.63,117.06,116.37,118.66,113.48,115.4,114.5,117.21
2020-11-13,115.19,114.11,117.37,115.8,115.01,112.57,116.85,114.17
2020-11-16,118.3,116.85,118.55,118.19,117.12,115.41,118.36,116.89
2020-11-17,117.6,118.27,118.54,119.36,117.07,117.21,117.7,118.54
2020-11-18,117.72,117.59,118.88,118.99,116.75,116.35,116.77,117.89
2020-11-19,116.54,117.21,117.45,118.39,115.89,115.82,117.18,117.33
2020-11-20,117.6,116.79,118.04,117.9,116.69,115.5,116.94,117.07
2020-11-23,117.43,117.24,120.515,118.32,117.27,115.72,120.09,117.32
2020-11-24,120.86,119.75,124.73,121.42,120.805,118.35,124.42,120.0
2020-11-25,122.93,124.14,124.33,125.37,122.11,122.69,124.2,123.6
2020-11-27,124.2,123.51,125.313,124.84,123.91,122.53,124.35,124.14
2020-11-30,124.1,124.6,125.0,125.51,123.09,124.09,123.52,124.68
2020-12-01,123.9,123.67,125.83,124.82,123.08,123.33,123.16,123.32
2020-12-02,122.85,123.67,124.64,125.2,122.41,123.1,124.62,123.02
2020-12-03,124.16,123.82,124.86,125.34,123.29,123.15,123.61,124.22
2020-12-04,123.97,123.71,127.38,124.91,123.64,122.88,127.2,124.25
2020-12-07,126.49,126.47,126.97,128.0,124.57,125.65,124.7,127.21
2020-12-08,125.32,125.26,126.33,126.23,124.64,124.23,125.71,126.16
2020-12-09,125.8,125.8,127.69,127.08,125.7,124.79,126.79,126.05
2020-12-10,126.35,126.39,126.93,127.99,124.94,126.11,124.96,126.96
2020-12-11,124.08,125.46,125.51,126.63,123.61,124.58,124.27,126.17
2020-12-14,125.32,124.29,126.2435,125.52,123.47,123.45,123.53,125.09
2020-12-15,124.39,124.23,125.93,125.32,123.44,123.31,125.93,124.39
2020-12-16,125.93,125.4,126.5728,126.9,125.286,124.84,125.55,127.49
2020-12-17,126.08,125.72,126.09,126.89,124.91,124.98,125.55,127.32
2020-12-18,125.59,125.48,126.4,126.81,124.97,125.14,125.85,126.92
2020-12-21,123.97,125.74,124.18,126.83,121.72,125.01,123.39,125.69
2020-12-22,123.31,122.77,124.22,123.95,122.41,122.48,123.61,123.03
2020-12-23,123.88,123.53,125.21,124.54,123.74,123.61,123.9,124.3
2020-12-24,125.0,123.96,125.1,125.18,124.21,124.57,124.69,125.92
2020-12-28,125.1,124.53,126.6,125.85,124.46,125.21,124.82,126.56
2020-12-29,125.35,125.05,125.48,126.28,123.24,125.22,123.8,126.79
2020-12-30,123.8,123.8,124.85,124.94,123.63,124.13,124.34,126.08
2020-12-31,124.22,124.3,126.03,125.26,123.99,124.73,125.88,126.41
2021-01-04,125.85,125.48,125.9174,126.56,123.04,126.04,123.94,127.39
2021-01-05,125.01,124.12,126.68,125.09,124.61,123.92,126.14,124.83
2021-01-06,126.9,126.17,131.88,127.1,126.72,126.1,129.29,126.11
2021-01-07,130.04,128.82,130.46,130.17,128.26,128.33,128.99,129.38
2021-01-08,128.57,129.28,129.32,129.76,126.98,128.29,128.53,129.46
2021-01-11,127.95,128.03,129.675,129.04,127.66,127.53,128.58,128.49
2021-01-12,129.09,128.34,129.85,129.39,127.94,127.51,129.21,128.4
2021-01-13,129.15,128.8,129.75,129.69,126.455,128.15,126.92,129.24
2021-01-14,128.02,126.8,130.16,128.68,127.55,125.83,128.97,127.78
2021-01-15,128.28,128.53,129.24,130.19,127.67,127.46,128.39,128.8
2021-01-19,129.28,127.84,129.59,129.34,128.0885,127.14,129.02,128.65
2021-01-20,129.7,128.67,131.06,129.97,128.56,127.65,130.08,129.18
2021-01-21,130.12,129.52,132.24,130.59,130.05,128.5,131.65,130.14
2021-01-22,120.7,130.58,120.7,131.67,117.36,129.09,118.61,130.47
2021-01-25,118.7624,117.76,119.538,119.73,117.45,114.63,118.58,121.71
2021-01-26,119.18,118.12,122.59,120.48,118.42,116.49,122.49,116.55
2021-01-27,122.08,121.95,124.79,123.69,121.6214,119.85,122.47,121.11
2021-01-28,122.8,123.42,123.2,124.69,120.07,120.97,120.08,123.73
2021-01-29,120.22,120.68,121.3,122.45,118.9,119.12,119.11,120.79
2021-02-01,119.9,119.85,120.95,121.36,118.73,117.22,120.54,118.59
2021-02-02,119.36,120.5,121.0,121.82,119.28,118.88,119.44,120.15
2021-02-03,119.04,119.97,119.8,121.2,118.12,117.81,119.12,119.8
2021-02-04,119.91,119.14,121.1,120.52,118.87,117.02,121.02,118.72
2021-02-05,121.0,120.91,121.81,121.85,120.52,119.28,121.79,120.54
2021-02-08,122.62,121.77,123.9767,122.57,122.4,120.14,123.61,121.86
2021-02-09,121.9,123.93,122.5953,124.65,121.05,122.11,122.1,125.0
2021-02-10,123.03,121.66,123.41,122.96,121.2138,120.26,122.24,122.51
2021-02-11,122.0,122.54,122.205,123.89,120.63,120.66,120.91,123.14
2021-02-12,121.0,120.93,121.36,122.36,120.09,119.06,120.8,121.04
2021-02-16,120.15,120.81,120.6,122.09,119.36,119.28,120.07,120.71
2021-02-17,119.27,120.08,120.56,120.99,119.02,117.85,119.97,119.62
2021-02-18,120.5,119.72,120.94,121.25,119.7,118.56,120.73,119.83
2021-02-19,120.75,120.55,120.76,121.85,118.38,119.36,118.99,120.82
2021-02-22,118.5,118.72,121.125,120.29,118.44,118.28,120.86,118.95
2021-02-23,120.92,120.29,121.35,121.92,119.8,120.09,120.71,120.47
2021-02-24,120.8,120.36,123.49,121.58,120.52,119.95,123.21,121.03
2021-02-25,123.37,122.82,124.35,124.28,122.335,122.75,122.47,124.04
2021-02-26,122.25,122.88,122.25,123.71,118.88,122.08,118.93,123.87
2021-03-01,120.35,119.44,122.32,120.53,119.8649,117.96,120.74,118.8
2021-03-02,120.74,121.14,121.9,122.41,120.26,120.31,120.33,120.49
2021-03-03,120.5,120.18,122.634,121.81,119.98,120.0,122.36,120.93
2021-03-04,122.0,121.92,123.22,123.69,118.755,121.25,120.11,122.68
2021-03-05,120.64,120.02,123.75,121.52,120.25,118.99,122.83,120.31
2021-03-08,122.99,122.79,126.85,124.14,122.88,122.03,124.81,123.12
2021-03-09,125.4,124.95,126.43,126.02,124.16,124.61,124.18,127.1
2021-03-10,125.05,124.74,128.24,125.92,124.61,124.42,127.87,126.22
2021-03-11,128.09,126.95,128.64,128.45,126.78,127.04,127.14,127.65
2021-03-12,127.19,126.99,127.68,128.33,126.61,126.69,127.61,127.7
2021-03-15,127.77,126.79,128.75,128.42,127.5401,126.88,128.58,127.56
2021-03-16,128.28,127.96,128.52,128.71,127.34,127.66,128.24,128.29
2021-03-17,128.46,127.64,129.49,128.65,127.49,127.33,129.03,128.09
2021-03-18,128.94,128.64,130.995,128.94,127.79,128.03,130.06,128.77
2021-03-19,130.02,129.4,130.44,129.91,128.53,128.79,128.9,129.51
2021-03-22,128.5,128.88,130.72,129.87,127.89,127.98,130.55,128.9
2021-03-23,130.44,129.52,131.56,130.68,129.8,128.68,130.46,129.86
2021-03-24,130.95,130.43,132.11,131.64,130.57,129.03,130.62,130.45
2021-03-25,130.33,130.77,133.24,132.36,129.77,129.6,133.07,130.84
2021-03-26,133.29,131.63,136.48,133.75,133.12,131.37,136.38,131.93
2021-03-29,135.98,135.36,137.07,136.36,135.51,134.34,135.86,134.54
2021-03-30,135.86,135.69,136.27,136.85,134.02,134.99,134.72,134.98
2021-03-31,134.54,134.45,134.71,135.97,132.71,134.14,133.26,134.54
2021-04-01,133.76,132.95,133.93,134.81,132.27,132.77,133.23,133.81
2021-04-05,133.64,132.75,136.69,134.77,133.4,132.27,135.93,133.74
2021-04-06,135.58,134.8,135.64,136.54,134.09,134.6,134.22,134.74
2021-04-07,133.84,134.03,134.94,135.87,133.78,134.09,134.93,134.25
2021-04-08,134.57,134.18,135.6299,136.2,134.16,134.13,135.12,134.35
2021-04-09,134.87,134.73,135.74,135.95,134.71,134.35,135.73,134.88
2021-04-12,135.02,135.27,135.37,136.9,133.85,134.97,134.59,134.99
2021-04-13,133.0,134.35,133.62,135.87,130.38,134.21,131.18,135.01
2021-04-14,131.305,131.12,132.78,132.79,130.52,129.98,132.63,132.99
2021-04-15,133.28,131.98,133.87,133.83,132.22,130.58,132.58,133.05
2021-04-16,133.0,132.72,134.1,134.48,132.95,131.15,133.59,131.85
2021-04-19,133.6,132.93,133.815,134.97,132.58,132.62,133.12,132.2
2021-04-20,137.07,132.52,139.77,133.93,136.7,131.86,138.16,132.9
2021-04-21,138.06,138.04,143.73,138.89,137.71,138.22,143.55,137.11
2021-04-22,143.7,140.98,144.74,142.63,141.0,141.19,141.28,141.13
2021-04-23,141.31,142.15,143.61,142.59,140.95,141.26,142.43,141.77
2021-04-26,142.42,141.75,143.63,142.61,141.48,140.53,141.57,141.68
2021-04-27,141.69,141.69,142.56,142.07,140.75,140.11,142.01,141.62
2021-04-28,142.92,141.05,143.4,142.29,142.1,140.12,143.0,141.38
2021-04-29,144.13,142.5,148.74,143.1,142.98,141.32,144.24,142.61
2021-04-30,143.7,144.61,143.83,145.58,140.55,143.6,141.88,144.79
2021-05-03,143.81,140.67,145.75,141.78,143.55,140.54,144.75,141.6
2021-05-04,144.41,144.64,146.59,145.34,144.33,143.0,145.75,144.2
2021-05-05,145.94,144.42,145.94,145.66,144.97,143.73,145.22,144.45
2021-05-06,145.26,144.75,148.515,145.64,145.18,143.75,148.42,144.51
2021-05-07,145.92,146.66,146.14,147.96,144.57,145.54,145.46,147.11
2021-05-10,145.8,144.3,148.38,145.13,145.8,143.4,146.17,144.6
2021-05-11,144.99,146.33,145.19,147.44,142.9,144.9,144.22,146.5
2021-05-12,143.84,143.07,144.15,143.98,141.14,142.42,141.3,143.2
2021-05-13,141.45,141.68,144.9,142.78,141.28,140.72,144.17,141.24
2021-05-14,145.11,142.9,145.69,144.56,143.96,142.26,144.68,143.18
2021-05-17,144.44,144.53,145.8,145.52,144.33,144.09,145.11,144.95
2021-05-18,144.78,144.29,145.3,146.01,143.23,144.26,143.91,144.7
2021-05-19,142.32,143.73,143.2,144.49,140.92,143.15,143.19,143.92
2021-05-20,143.12,141.93,144.91,143.05,142.16,141.43,143.88,142.18
2021-05-21,144.28,143.7,145.699,144.44,144.28,142.87,144.74,143.99
2021-05-24,145.06,144.6,145.39,145.56,144.18,144.16,144.72,144.89
2021-05-25,144.92,144.45,145.0,145.48,143.2,144.1,143.79,144.74
2021-05-26,143.5,143.68,143.9894,144.59,143.04,143.28,143.38,143.95
2021-05-27,143.82,143.21,144.77,144.0,143.63,142.58,143.82,143.42
2021-05-28,144.21,143.76,144.33,144.55,143.485,143.22,143.74,143.91
2021-06-01,145.0,143.57,145.83,144.83,143.75,143.28,144.19,144.09
2021-06-02,144.62,144.49,145.75,145.64,144.11,144.15,145.72,145.13
2021-06-03,144.91,145.11,145.88,146.07,144.04,144.77,145.55,145.54
2021-06-04,146.0,145.21,147.55,145.95,145.76,144.6,147.42,145.61
2021-06-07,147.55,147.59,148.74,148.28,147.17,146.46,148.02,148.15
2021-06-08,148.12,148.45,150.2,149.08,148.12,147.31,149.07,148.68
2021-06-09,149.03,149.37,151.07,149.94,148.82,148.37,150.67,149.54
2021-06-10,151.47,150.25,152.84,150.96,149.76,149.48,150.54,150.32
2021-06-11,150.43,151.09,151.845,151.67,150.37,150.05,151.28,150.86
2021-06-14,150.71,150.83,151.03,151.8,148.655,150.29,150.03,150.58
2021-06-15,149.85,149.53,149.91,150.25,148.6,148.45,149.36,149.44
2021-06-16,149.76,149.04,149.76,149.95,147.22,148.23,147.83,149.06
2021-06-17,147.55,147.86,148.06,148.58,145.28,146.9,145.6,147.94
2021-06-18,144.48,145.63,144.68,146.73,143.04,145.2,143.12,145.74
2021-06-21,144.11,142.52,147.07,143.83,144.06,142.44,146.65,142.48
2021-06-22,146.52,145.82,146.81,147.48,145.35,145.08,146.36,146.44
2021-06-23,146.43,145.57,146.5,146.79,144.57,145.34,144.61,146.11
2021-06-24,145.8,144.63,146.19,145.94,144.69,144.3,145.44,145.11
2021-06-25,145.38,145.23,146.93,145.97,144.945,144.41,146.84,145.44
2021-06-28,147.01,145.93,147.3,147.02,144.9121,145.22,145.29,146.24
2021-06-29,145.26,145.4,146.74,146.42,145.1,144.94,145.55,145.75
2021-06-30,145.13,145.37,146.93,146.54,144.71,144.68,146.59,145.73
2021-07-01,146.96,145.72,147.5,146.77,146.57,145.08,146.84,146.1
2021-07-02,146.91,146.87,146.95,147.71,139.46,146.08,140.02,147.13
2021-07-06,139.99,140.32,140.42,142.33,137.1,141.15,138.78,141.28
2021-07-07,138.76,138.35,140.33,140.62,138.76,137.54,139.82,138.72
2021-07-08,137.78,139.66,141.31,141.29,137.66,138.4,140.74,140.74
2021-07-09,141.45,139.31,141.98,141.33,140.841,139.6,141.52,140.52
2021-07-12,141.43,141.9,141.9599,142.27,140.115,140.85,140.92,142.43
2021-07-13,140.92,140.89,140.92,141.95,139.63,140.14,140.28,141.54
2021-07-14,140.72,140.44,140.75,141.21,138.9273,139.27,139.82,140.77
2021-07-15,139.32,139.84,140.46,140.64,138.8005,138.85,140.45,140.27
2021-07-16,141.0,139.77,141.0,141.04,138.59,138.94,138.9,140.27
2021-07-19,136.45,139.34,138.49,140.41,136.2089,138.57,137.92,140.01
2021-07-20,143.0,136.45,144.92,138.46,138.7,136.74,139.97,136.7
2021-07-21,139.97,141.45,141.39,142.16,139.65,140.78,141.3,141.64
2021-07-22,141.66,139.89,141.81,141.97,140.41,139.92,140.71,140.53
2021-07-23,140.96,140.93,141.7,142.07,140.33,140.19,141.34,141.4
2021-07-26,141.39,140.72,143.0,141.77,141.13,140.27,142.77,141.0
2021-07-27,142.53,142.22,143.64,143.03,141.6,141.42,142.75,142.33
2021-07-28,143.01,142.51,143.1,143.38,141.64,141.73,141.77,142.72
2021-07-29,142.33,142.16,142.96,142.64,141.6,141.22,141.93,142.12
2021-07-30,141.52,142.18,141.85,142.64,140.79,141.29,140.96,142.04
2021-08-02,141.45,140.88,143.06,141.49,141.03,140.35,141.42,140.76
2021-08-03,141.9,141.74,144.7,142.62,141.65,141.1,144.07,141.9
2021-08-04,143.8,143.29,144.18,144.49,142.47,142.92,142.76,143.53
2021-08-05,143.03,142.96,143.41,143.73,142.22,142.54,142.77,143.05
2021-08-06,143.0,142.8,144.39,143.5,142.89,142.19,144.09,143.1
2021-08-09,142.2,143.95,142.495,144.49,140.97,143.08,141.25,144.22
2021-08-10,141.21,141.08,141.811,141.68,140.34,140.58,141.38,141.29
2021-08-11,141.78,141.21,142.7685,141.73,141.5,140.31,142.13,140.73
2021-08-12,142.26,141.95,143.15,142.59,142.0766,141.33,143.07,142.03
2021-08-13,142.64,142.32,143.58,143.89,142.44,142.29,143.18,142.96
2021-08-16,143.23,142.57,143.74,143.87,142.23,142.39,143.59,143.12
2021-08-17,143.0,143.08,143.16,143.89,141.09,142.56,142.42,143.38
2021-08-18,141.67,142.18,141.915,142.64,139.39,141.53,139.47,142.22
2021-08-19,138.69,140.05,139.45,140.46,137.21,139.31,138.02,140.07
2021-08-20,137.74,137.76,139.38,138.96,137.27,137.09,139.11,138.05
2021-08-23,139.62,138.31,140.15,140.17,138.8,137.63,139.62,139.12
2021-08-24,139.78,139.14,140.23,141.07,139.32,139.21,139.84,140.21
2021-08-25,139.92,139.41,140.8,141.02,139.46,139.4,139.86,140.16
2021-08-26,139.97,139.86,140.8,140.97,138.71,139.29,138.78,140.42
2021-08-27,138.71,139.1,139.585,140.17,138.4,138.39,139.41,139.61
2021-08-30,139.5,138.91,139.88,140.23,138.815,138.22,138.97,139.33
2021-08-31,139.54,139.06,140.94,140.19,138.95,138.25,140.34,139.6
2021-09-01,139.98,139.73,140.0699,141.04,139.19,139.49,139.3,140.27
2021-09-02,139.72,139.15,140.05,140.32,139.03,138.68,140.01,139.55
2021-09-03,139.68,139.56,140.47,140.71,139.3,139.04,139.58,140.01
2021-09-07,139.65,139.48,139.79,140.43,137.7614,138.76,138.06,139.86
2021-09-08,138.14,138.09,139.09,139.28,137.6,137.6,138.67,138.54
2021-09-09,137.85,138.12,138.96,139.6,137.555,137.67,137.74,138.5
2021-09-10,138.82,137.49,139.3699,138.76,137.0,137.02,137.02,137.92
2021-09-13,138.4,137.32,138.99,138.77,137.51,136.89,138.15,137.9
2021-09-14,138.4,137.67,138.57,139.26,135.34,137.4,136.22,138.17
2021-09-15,136.22,135.77,137.8,138.06,135.67,136.27,137.2,136.65
2021-09-16,137.28,136.2,137.95,138.65,135.71,136.8,136.43,136.91
2021-09-17,135.75,136.22,135.9199,137.78,135.05,136.25,135.23,136.88
2021-09-20,133.9,134.68,135.18,136.42,132.78,134.81,134.31,135.28
2021-09-21,135.11,133.41,135.65,135.32,132.94,132.95,132.97,134.01
2021-09-22,133.72,133.46,135.37,135.04,133.47,131.95,134.63,134.1
2021-09-23,135.25,133.93,137.42,136.05,135.03,133.92,136.73,134.85
2021-09-24,137.03,136.11,138.48,138.0,136.75,136.39,137.49,136.29
2021-09-27,137.96,137.21,139.065,139.16,137.48,137.65,138.56,137.37
2021-09-28,139.17,138.23,139.688,139.35,137.21,138.58,137.47,137.96
2021-09-29,137.73,138.09,139.93,138.71,136.44,137.88,139.18,138.59
2021-09-30,140.0,138.64,140.57,139.58,138.5,138.33,138.93,139.63
2021-10-01,141.0,139.57,143.97,139.93,140.37,138.87,143.32,140.35
2021-10-04,142.74,142.9,146.0,143.6,142.3501,142.04,144.11,143.76
2021-10-05,144.75,143.75,145.0,144.28,142.64,142.74,143.15,144.15
2021-10-06,142.48,143.27,143.37,143.86,140.89,142.28,142.36,143.66
2021-10-07,142.73,141.51,143.395,142.71,141.53,140.64,141.81,141.95
2021-10-08,141.81,141.92,143.65,142.74,141.05,140.81,143.22,141.94
2021-10-11,143.5,142.06,144.08,143.34,142.4,141.38,142.43,142.33
2021-10-12,142.21,142.61,142.3,143.23,140.3,141.74,140.47,142.39
2021-10-13,140.52,140.26,141.41,141.43,139.66,139.62,140.76,140.37
2021-10-14,141.04,140.31,143.92,141.18,141.01,139.08,143.39,140.0
2021-10-15,143.39,142.46,144.85,143.46,142.79,141.5,144.61,142.51
2021-10-18,144.0,143.74,144.94,144.85,141.759,143.12,142.32,143.89
2021-10-19,141.08,142.22,142.94,143.37,140.5201,141.82,141.98,142.65
2021-10-20,141.68,141.4,142.2,142.35,140.7,140.29,141.9,141.35
2021-10-21,133.51,141.52,133.72,141.88,128.1,140.37,128.33,141.15
2021-10-22,128.05,125.65,130.25,129.74,126.611,126.13,127.88,129.64
2021-10-25,127.53,127.8,128.65,130.36,126.94,126.16,127.64,128.22
2021-10-26,127.52,127.6,128.3,128.97,126.755,126.82,127.13,128.6
2021-10-27,127.44,126.91,127.88,127.45,125.01,125.29,125.17,126.54
2021-10-28,125.17,125.09,126.31,126.63,124.62,123.09,125.84,124.14
2021-10-29,125.43,125.0,126.32,126.77,124.91,123.27,125.1,123.12
2021-11-01,125.05,124.94,126.31,126.22,123.8375,122.05,126.28,122.84
2021-11-02,126.3,125.12,127.17,126.62,124.91,122.92,126.18,122.94
2021-11-03,126.23,125.74,127.29,126.51,125.68,122.71,127.13,123.93
2021-11-04,123.05,126.15,123.34,127.15,119.9,123.43,120.85,124.25
2021-11-05,121.43,121.32,123.77,122.66,121.43,118.19,123.61,120.29
2021-11-08,123.985,123.52,124.78,124.72,123.53,121.04,124.54,122.28
2021-11-09,122.56,124.32,122.9,125.03,120.26,121.42,120.85,123.09
2021-11-10,121.0,121.19,122.43,122.59,119.932,118.29,120.22,121.19
2021-11-11,120.9,120.92,121.7894,122.23,120.08,117.91,120.27,120.42
2021-11-12,120.0,120.84,120.64,121.82,118.78,117.92,118.96,120.01
2021-11-15,119.54,119.28,120.16,120.64,118.31,116.65,118.87,118.54
2021-11-16,118.92,119.11,119.9,120.37,118.42,116.87,118.46,118.28
2021-11-17,118.38,118.76,119.33,119.84,117.78,116.96,118.06,118.07
2021-11-18,118.36,118.04,118.36,119.24,116.31,117.35,116.66,117.54
2021-11-19,116.49,116.8,116.56,118.2,115.27,115.08,116.05,116.39
2021-11-22,116.0,115.81,118.81,117.42,115.19,114.27,116.47,115.51
2021-11-23,116.79,116.73,117.94,118.28,116.04,114.84,116.79,116.55
2021-11-24,116.16,116.87,117.27,118.05,116.08,115.36,116.73,116.71
2021-11-26,115.0,116.66,116.335,117.89,114.56,115.42,115.81,116.41
2021-11-29,118.62,115.35,119.61,116.74,117.53,113.93,118.5,115.34
2021-11-30,117.5,119.36,119.2399,120.1,116.45,116.46,117.1,118.5
2021-12-01,118.25,116.9,118.93,118.81,116.85,115.18,116.92,116.84
2021-12-02,117.37,117.44,117.98,118.94,116.56,115.89,116.9,117.07
2021-12-03,117.36,116.86,119.36,118.27,117.36,115.8,118.84,116.85
2021-12-06,119.4,118.88,121.15,120.38,119.4,117.73,119.91,118.62
2021-12-07,120.475,120.11,122.08,121.43,120.07,119.33,121.58,120.39
2021-12-08,122.0,121.49,123.38,122.41,121.52,120.82,123.02,121.82
2021-12-09,122.15,123.13,123.95,123.87,121.79,122.08,123.57,123.41
2021-12-10,124.3,123.37,125.33,124.22,123.36,122.63,124.09,123.35
2021-12-13,123.76,124.57,124.3554,125.3,120.79,123.75,122.58,124.23
2021-12-14,122.35,122.34,125.03,123.58,122.3,121.69,123.76,122.19
2021-12-15,123.8,123.9,124.815,125.1,122.18,122.74,123.11,123.11
2021-12-16,123.51,123.01,126.6399,124.4,123.475,122.06,125.93,123.55
2021-12-17,125.87,125.89,128.64,127.11,125.2093,124.56,127.4,126.52
2021-12-20,125.72,126.78,127.2,128.52,124.7,126.23,127.06,127.62
2021-12-21,127.66,126.18,129.3356,127.65,127.66,125.64,128.97,126.97
2021-12-22,129.06,128.28,129.79,129.59,127.6,127.81,129.75,128.63
2021-12-23,130.0,128.79,130.96,129.64,129.52,128.33,130.63,129.29
2021-12-27,130.63,130.15,131.65,131.09,129.95,129.32,131.62,130.19
2021-12-28,131.6,130.73,133.22,132.16,131.59,130.45,132.63,130.75
2021-12-29,132.4,132.16,134.21,134.09,132.3,131.63,133.35,131.91
2021-12-30,133.75,132.7,134.37,134.56,133.33,132.52,133.91,132.57
2021-12-31,134.0,133.49,134.99,135.25,133.61,133.05,133.66,133.39
2022-01-03,134.07,133.48,136.295,135.37,133.63,133.38,136.04,133.67
2022-01-04,136.1,134.84,139.95,136.47,135.9,134.8,138.02,135.01
2022-01-05,138.31,137.33,142.2,138.03,137.88,137.06,138.22,137.06
2022-01-06,138.2,138.34,138.4099,139.24,132.51,138.07,135.34,138.39
2022-01-07,134.9,134.03,135.6618,135.89,133.5111,135.23,134.83,135.08
2022-01-10,134.47,133.97,136.2,136.2,133.38,133.47,135.03,135.17
2022-01-11,130.52,133.9,133.25,135.91,127.97,133.71,132.87,134.7
2022-01-12,133.25,129.73,134.47,132.53,131.37,129.23,133.59,133.81
2022-01-13,133.9,133.2,136.05,134.78,133.56,132.09,134.76,133.28
2022-01-14,134.55,134.14,135.14,135.96,133.3,134.1,134.21,133.28
2022-01-18,132.95,133.57,133.89,135.39,131.78,133.6,132.94,133.22
2022-01-19,132.9,132.14,133.9,134.26,131.5,131.23,131.58,132.46
2022-01-20,131.26,131.92,132.88,133.79,130.5705,129.97,130.82,131.22
2022-01-21,131.65,130.73,131.87,132.6,129.27,129.1,129.35,129.64
2022-01-24,127.99,129.74,129.15,131.14,124.193,127.59,128.82,128.02
2022-01-25,129.14,126.09,137.3361,129.13,128.3,125.14,136.1,126.73
2022-01-26,136.47,133.38,137.07,133.84,133.13,131.01,134.26,134.64
2022-01-27,133.66,134.56,134.75,136.0,132.08,134.68,132.52,133.08
2022-01-28,133.19,132.67,134.53,134.67,131.79,132.23,134.5,132.87
2022-01-31,134.09,133.95,134.09,135.34,132.3,133.38,133.57,133.62
2022-02-01,133.76,133.46,135.96,134.91,132.5,132.95,135.53,133.99
2022-02-02,135.7,134.87,137.555,136.2,135.26,134.54,137.25,135.02
2022-02-03,137.0,136.96,138.76,137.82,135.831,136.48,137.78,136.69
2022-02-04,137.86,137.41,138.82,138.22,136.215,137.26,137.15,138.21
2022-02-07,137.45,137.47,137.8223,138.41,136.27,136.95,137.24,138.17
2022-02-08,137.23,137.17,137.52,138.16,135.78,136.57,137.02,138.0
2022-02-09,137.84,136.75,138.35,137.85,136.83,136.4,137.79,137.89
2022-02-10,135.47,137.74,136.56,138.51,133.17,137.45,133.52,139.04
2022-02-11,133.9,133.54,134.7099,135.62,132.38,134.07,132.69,134.76
2022-02-14,132.59,133.35,132.65,135.08,129.07,132.82,130.15,135.19
2022-02-15,130.64,130.35,131.68,132.59,129.61,128.91,129.94,133.38
2022-02-16,129.45,130.29,130.44,132.4,128.26,128.83,129.18,130.67
2022-02-17,128.05,128.71,128.5,130.37,124.85,127.48,124.97,130.1
2022-02-18,124.94,125.06,125.44,127.24,123.61,123.53,124.35,126.18
2022-02-22,124.2,124.5,125.0,125.84,122.68,123.65,123.92,124.51
2022-02-23,124.38,124.12,124.7,124.98,121.87,122.55,122.07,123.16
2022-02-24,120.0,122.92,122.1,123.76,118.81,121.09,121.97,122.27
2022-02-25,122.05,121.14,124.2625,122.89,121.45,119.96,124.18,121.01
2022-02-28,122.21,124.21,123.3851,124.53,121.0388,122.55,122.51,122.59
2022-03-01,122.67,122.38,123.39,123.31,120.7,120.18,121.35,122.09
2022-03-02,122.59,122.05,124.64,123.01,121.8,119.47,123.86,121.94
2022-03-03,124.96,124.4,126.665,125.02,124.2351,122.11,125.93,123.77
2022-03-04,124.4,125.8,127.35,126.86,124.2103,123.79,126.62,125.32
2022-03-07,126.47,125.85,127.905,127.49,125.62,124.93,126.07,125.86
2022-03-08,126.62,126.21,128.345,127.54,124.82,124.02,125.68,126.56
2022-03-09,127.41,126.1,128.1,127.6,125.91,124.06,126.22,126.87
2022-03-10,125.75,126.45,126.03,128.03,123.125,125.08,124.35,127.09
2022-03-11,125.0,124.64,126.77,125.55,123.91,123.5,123.96,124.63
2022-03-14,124.45,124.91,125.16,125.96,122.685,124.04,123.94,125.48
2022-03-15,124.0,123.84,125.9398,124.88,123.22,123.68,125.64,125.33
2022-03-16,126.5,125.36,127.2842,126.42,124.71,125.39,127.04,126.86
2022-03-17,127.1,126.25,128.29,127.64,126.53,126.55,127.96,127.64
2022-03-18,127.38,127.0,128.93,128.56,126.37,127.62,128.76,128.27
2022-03-21,129.0,127.69,129.74,128.74,127.4,127.4,128.1,128.35
2022-03-22,128.5,128.8,129.3,128.52,127.85,127.71,129.06,128.58
2022-03-23,129.08,129.0,129.32,128.66,128.25,128.4,128.3,128.75
2022-03-24,128.33,128.79,129.37,128.61,127.8,127.84,129.25,128.45
2022-03-25,129.5,128.85,131.4,129.05,129.31,128.43,131.35,128.94
2022-03-28,130.82,130.79,131.5,131.7,129.6,130.0,131.47,130.61
2022-03-29,132.04,130.93,132.84,131.79,130.43,130.41,131.94,130.97
2022-03-30,132.01,131.88,133.08,132.92,131.39,131.3,132.13,131.25
2022-03-31,130.72,132.29,131.88,133.71,130.0,131.29,130.02,131.87
2022-04-01,129.66,130.2,130.27,131.26,128.06,129.2,130.15,130.38
2022-04-04,130.26,129.47,130.45,130.31,128.93,128.7,130.27,130.01
2022-04-05,129.85,130.03,131.23,131.1,128.66,129.03,128.89,130.43
2022-04-06,127.78,129.3,129.515,130.83,127.25,128.08,129.39,129.86
2022-04-07,128.87,128.36,129.2499,129.6,126.73,127.75,128.55,128.97
2022-04-08,128.01,128.11,128.78,129.22,127.27,127.08,127.73,127.97
2022-04-11,127.95,127.21,128.175,128.88,126.18,126.69,126.37,127.18
2022-04-12,126.42,126.07,127.34,127.67,125.5835,125.55,125.98,126.54
2022-04-13,125.64,125.68,126.67,127.32,124.91,125.22,126.14,127.1
2022-04-14,128.93,125.37,130.58,127.06,126.38,125.29,126.56,126.98
2022-04-18,126.6,126.85,127.3899,129.07,125.53,125.47,126.17,127.25
2022-04-19,126.08,125.68,129.4,127.3,126.0,124.96,129.15,125.92
2022-04-20,135.0,127.07,139.56,129.69,133.38,126.94,138.32,127.57
2022-04-21,138.23,137.15,141.88,137.2,137.35,136.5,139.85,135.6
2022-04-22,139.7,138.66,140.4399,139.78,137.35,138.91,138.25,136.29
2022-04-25,137.59,137.97,139.65,138.46,135.19,137.43,139.1,136.9
2022-04-26,139.0,137.2,139.87,138.36,136.17,136.43,136.19,137.1
2022-04-27,135.78,136.54,137.12,137.58,134.63,135.6,135.06,136.43
2022-04-28,136.85,134.27,136.99,136.63,134.81,134.06,135.74,134.98
2022-04-29,135.13,135.29,135.5545,136.67,132.0,134.75,132.21,135.19
2022-05-02,133.0,131.9,133.77,134.64,130.89,131.57,133.04,134.21
2022-05-03,133.0,132.0,133.6,134.58,131.99,131.24,132.52,133.28
2022-05-04,132.87,132.08,137.87,134.29,132.14,130.76,137.4,132.6
2022-05-05,136.46,135.24,137.26,137.22,134.76,135.52,135.92,134.56
2022-05-06,135.47,135.27,137.99,136.54,135.47,135.35,137.67,134.87
2022-05-09,134.41,136.4,136.345,137.73,133.315,136.3,134.44,136.02
2022-05-10,135.0,133.53,135.41,135.23,128.43,133.35,129.13,135.03
2022-05-11,129.86,130.34,132.96,132.65,129.86,126.73,130.75,133.22
2022-05-12,131.27,130.57,133.62,132.98,130.41,128.43,132.9,130.63
2022-05-13,133.0,131.79,133.8,133.63,131.05,129.91,133.6,131.4
2022-05-16,133.1,132.47,136.51,134.3,132.41,131.36,135.03,131.43
2022-05-17,137.19,134.35,138.37,136.49,135.64,134.65,138.37,132.51
2022-05-18,137.1,138.02,137.615,138.82,132.17,137.54,132.94,136.0
2022-05-19,132.0,133.54,132.32,135.31,128.71,133.87,129.66,134.55
2022-05-20,130.18,130.08,130.37,132.34,125.8,127.6,128.48,131.36
2022-05-23,129.5,128.4,131.95,129.93,129.42,126.22,131.17,128.64
2022-05-24,130.57,130.92,134.37,132.98,130.42,129.42,133.8,129.35
2022-05-25,132.86,132.31,134.82,134.51,132.86,131.98,134.39,130.21
2022-05-26,135.0,133.83,137.55,135.6,134.52,133.91,136.89,131.11
2022-05-27,137.39,136.44,139.7394,137.45,137.24,135.9,139.27,133.46
2022-05-31,138.2,138.94,139.83,139.28,136.81,138.09,138.84,137.49
2022-06-01,139.67,138.05,140.4699,138.9,138.52,137.92,139.43,138.55
2022-06-02,139.45,139.82,140.29,140.35,136.85,138.59,140.15,139.79
2022-06-03,140.26,138.95,142.5794,140.24,139.74,138.36,141.18,139.92
2022-06-06,142.98,141.22,144.73,141.84,142.0,140.0,142.88,141.75
2022-06-07,142.6,143.06,142.98,143.49,140.96,141.68,142.78,143.41
2022-06-08,142.07,141.69,142.8,142.82,140.15,140.65,140.83,141.97
2022-06-09,140.15,140.71,141.04,141.98,137.93,139.94,137.96,141.25
2022-06-10,137.8,138.06,137.8,139.8,135.25,137.78,136.19,139.04
2022-06-13,133.97,135.82,137.57,137.58,133.76,135.46,135.11,136.69
2022-06-14,135.0,134.5,136.9501,136.66,134.86,134.37,135.72,135.44
2022-06-15,136.01,135.48,138.45,137.05,135.58,135.01,137.06,134.72
2022-06-16,135.3,136.45,136.24,137.98,134.39,136.31,135.67,136.25
2022-06-17,135.99,134.43,136.98,136.49,132.85,134.7,135.02,135.09
2022-06-21,135.9,134.09,138.5,135.38,135.9,133.66,137.85,135.99
2022-06-22,136.1,137.27,138.18,139.28,136.03,137.1,137.08,136.64
2022-06-23,137.14,136.23,138.62,138.4,136.5,136.59,138.44,136.56
2022-06-24,139.2,137.69,142.37,139.11,139.13,137.63,142.06,137.54
2022-06-27,142.26,140.88,143.83,141.76,141.95,140.89,142.8,141.22
2022-06-28,142.92,142.82,144.155,143.7,141.32,142.07,141.86,142.52
2022-06-29,142.74,142.03,143.5213,142.96,139.5,141.42,140.71,142.36
2022-06-30,139.58,141.1,142.46,141.79,139.28,140.05,141.19,141.72
2022-07-01,141.0,140.53,141.67,141.78,139.26,139.48,141.12,141.21
2022-07-05,139.97,140.65,139.97,141.54,135.27,139.72,137.62,141.12
2022-07-06,138.0,136.97,139.14,138.59,137.13,137.06,138.08,138.32
2022-07-07,138.91,138.25,141.325,139.31,138.83,137.27,140.83,137.89
2022-07-08,140.76,140.21,141.3203,140.94,139.82,139.61,140.47,140.21
2022-07-11,140.62,140.21,141.87,141.24,140.13,140.0,141.0,140.34
2022-07-12,140.84,140.71,141.55,141.53,138.565,140.31,139.18,140.67
2022-07-13,137.18,139.41,138.9,140.04,136.8,138.62,137.18,139.27
2022-07-14,135.6,136.88,139.43,138.37,135.02,136.17,139.06,136.46
2022-07-15,140.68,137.37,140.68,138.89,138.61,137.04,139.92,137.35
2022-07-18,140.15,139.95,140.31,140.66,137.7844,139.48,138.13,140.39
2022-07-19,131.58,137.85,132.56,139.38,127.72,138.48,130.88,138.04
2022-07-20,130.7,126.62,130.72,130.54,128.06,126.85,129.18,131.19
2022-07-21,128.75,129.62,128.81,130.64,125.13,127.37,127.15,129.99
2022-07-22,127.03,126.15,128.32,128.28,125.71,125.0,128.25,128.06
2022-07-25,128.44,127.53,129.1257,128.81,127.9,126.82,128.54,127.0
2022-07-26,128.26,129.05,129.3,129.42,127.63,126.39,128.08,126.92
2022-07-27,127.97,128.72,129.43,129.3,127.58,125.85,129.12,126.41
2022-07-28,128.75,129.14,129.81,129.84,128.606,126.18,129.22,126.52
2022-07-29,129.52,129.48,131.0,130.1,129.31,126.05,130.79,126.8
2022-08-01,130.75,130.45,132.7,131.26,130.7,126.96,132.04,127.21
2022-08-02,132.2,131.8,132.78,132.91,130.51,128.39,131.81,128.5
2022-08-03,131.82,131.59,132.862,133.13,131.32,128.15,132.34,128.87
2022-08-04,132.15,132.12,132.2866,134.01,131.02,129.23,131.64,129.41
2022-08-05,131.25,131.46,132.67,133.3,131.07,128.39,132.48,129.09
2022-08-08,133.1,131.81,133.35,134.35,132.02,130.53,132.61,130.27
2022-08-09,129.92,132.59,130.79,134.34,129.12,131.79,129.47,131.95
2022-08-10,130.75,129.25,131.78,131.24,130.34,127.77,131.5,130.55
2022-08-11,132.36,131.89,133.225,133.83,132.0,129.44,132.54,131.6
2022-08-12,132.62,132.82,134.09,134.51,131.98,131.72,134.01,132.25
2022-08-15,132.96,133.38,135.19,135.31,132.24,133.22,134.93,133.0
2022-08-16,134.6,134.1,137.37,135.73,134.4517,133.93,136.56,133.86
2022-08-17,136.46,136.32,138.415,137.36,136.3,135.42,137.79,135.72
2022-08-18,137.79,137.59,139.12,138.27,137.75,136.42,139.07,137.29
2022-08-19,138.75,138.7,139.34,139.38,137.66,137.63,138.37,138.59
2022-08-22,137.65,138.18,137.85,139.12,135.47,137.62,135.55,138.65
2022-08-23,135.37,135.74,136.1,137.3,134.72,135.52,134.74,136.48
2022-08-24,134.89,134.77,135.11,136.29,133.11,134.17,133.23,135.39
2022-08-25,133.65,133.42,134.425,135.44,133.07,132.94,133.98,134.07
2022-08-26,134.1,133.5,134.18,135.71,130.34,133.36,130.38,133.44
2022-08-29,129.99,130.98,131.42,133.3,129.57,129.38,130.31,131.8
2022-08-30,130.56,129.92,130.77,132.3,129.29,129.12,129.58,130.71
2022-08-31,129.92,129.6,130.0,131.02,128.4,128.24,128.45,131.05
2022-09-01,128.4,128.43,129.8173,129.3,127.74,126.8,129.66,130.01
2022-09-02,130.3,128.59,130.56,129.77,127.24,127.9,127.79,130.1
2022-09-06,127.8,128.22,128.06,128.56,126.3,125.78,126.72,129.19
2022-09-07,126.69,125.86,127.8667,128.12,126.28,125.18,127.71,127.42
2022-09-08,127.2,126.4,128.54,128.26,126.59,125.9,128.47,127.98
2022-09-09,128.9,127.18,129.49,128.76,128.06,126.18,129.19,128.03
2022-09-12,130.33,129.0,130.99,129.16,129.89,126.62,130.66,128.36
2022-09-13,129.14,130.48,129.909,131.29,126.7709,127.84,127.25,128.9
2022-09-14,127.5,127.09,129.0,128.83,126.845,124.83,127.69,125.99
2022-09-15,127.39,127.26,127.465,129.01,124.9,125.62,125.49,126.32
2022-09-16,124.36,125.47,127.53,126.78,123.83,123.17,127.27,124.98
2022-09-19,126.49,125.69,128.06,128.23,126.28,124.89,127.73,126.18
2022-09-20,126.9,126.42,126.99,127.99,125.52,126.48,126.3,126.09
2022-09-21,126.89,125.89,127.84,127.12,124.92,125.58,124.93,125.62
2022-09-22,124.76,125.83,126.51,126.53,124.41,124.12,125.31,125.98
2022-09-23,124.53,125.36,125.0,126.41,121.74,124.51,122.71,126.13
2022-09-26,122.3,122.61,124.26,124.13,121.75,122.11,122.01,123.61
2022-09-27,122.6,122.28,123.95,123.95,121.08,122.21,121.74,122.39
2022-09-28,121.65,121.83,123.23,123.35,119.81,121.4,122.76,121.92
2022-09-29,121.85,122.01,122.62,123.6,120.57,121.91,121.63,122.1
2022-09-30,121.66,121.44,122.43,122.47,118.61,120.85,118.81,121.3
2022-10-03,120.16,119.39,122.21,120.83,119.6,117.61,121.51,119.17
2022-10-04,122.8,121.61,125.65,122.88,122.52,120.79,125.5,121.2
2022-10-05,124.71,125.27,126.46,126.14,124.23,124.97,125.74,126.12
2022-10-06,124.88,125.63,125.3,126.58,121.77,125.7,122.23,126.15
2022-10-07,121.5,122.61,121.8016,123.92,118.07,121.19,118.82,123.56
2022-10-10,119.79,119.04,119.96,120.27,117.04,117.3,117.75,118.36
2022-10-11,117.46,118.2,119.23,119.45,116.94,116.03,117.8,117.29
2022-10-12,118.0,117.72,118.81,119.83,117.2,116.78,117.57,117.84
2022-10-13,116.1,117.61,122.15,119.27,115.545,116.66,121.79,117.58
2022-10-14,121.8,120.37,122.54,122.51,119.84,120.3,120.04,120.65
2022-10-17,121.8,120.57,122.875,120.93,121.43,118.86,121.52,120.93
2022-10-18,123.0,122.34,123.94,123.37,121.82,121.07,122.94,122.65
2022-10-19,122.36,123.12,123.94,124.08,121.9875,122.18,122.51,124.15
2022-10-20,126.25,122.83,128.96,123.97,125.15,121.68,128.3,123.38
2022-10-21,128.39,127.83,130.845,129.46,127.59,126.64,129.9,128.62
2022-10-24,130.9,128.76,133.11,130.67,129.85,128.37,132.69,129.83
2022-10-25,132.0,131.73,133.3,133.02,131.3,131.21,132.93,131.94
2022-10-26,133.72,131.81,135.863,133.27,132.81,131.29,135.01,131.86
2022-10-27,135.55,134.1,136.4,135.35,134.445,132.93,134.77,133.83
2022-10-28,135.56,134.32,138.8615,135.87,135.22,133.68,138.51,134.41
2022-10-31,138.06,136.64,138.7699,137.84,136.595,135.98,138.29,135.92
2022-11-01,138.25,136.8,138.65,138.04,136.7,136.47,138.2,136.51
2022-11-02,137.75,136.77,140.17,138.41,136.8,136.48,136.83,136.81
2022-11-03,136.42,136.35,136.48,137.88,133.97,136.76,134.47,136.98
2022-11-04,135.65,133.48,137.73,136.1,134.94,134.33,136.96,135.66
2022-11-07,136.64,135.83,138.7,137.73,136.51,135.95,138.34,135.97
2022-11-08,139.0,136.87,140.93,138.72,138.72,137.14,140.04,137.03
2022-11-09,137.95,139.29,138.9,140.24,136.94,139.19,137.39,139.71
2022-11-10,140.26,136.48,141.37,138.38,138.29,136.98,141.23,137.39
2022-11-11,141.5,140.62,144.13,141.26,140.96,139.7,143.17,141.28
2022-11-14,142.63,142.26,146.08,143.16,142.18,141.54,144.2,142.7
2022-11-15,144.08,143.6,146.1609,144.73,142.0,142.46,144.34,143.88
2022-11-16,144.13,143.62,144.95,144.52,144.0081,142.56,144.52,143.82
2022-11-17,143.41,144.14,146.18,144.91,143.25,143.09,146.09,143.92
2022-11-18,146.56,144.53,148.31,145.92,145.94,143.88,147.64,145.03
2022-11-21,147.55,147.22,147.928,147.66,146.45,145.91,146.68,147.34
2022-11-22,147.6,146.48,149.35,147.18,147.02,145.39,149.1,146.53
2022-11-23,149.1,148.25,150.46,149.0,148.3,147.04,148.75,148.56
2022-11-25,148.27,148.74,149.49,149.48,148.101,147.36,148.37,148.49
2022-11-28,147.98,148.05,148.24,149.1,145.935,147.2,146.18,147.77
2022-11-29,145.91,146.07,147.1668,146.85,145.7,145.48,146.49,146.02
2022-11-30,146.19,145.99,149.64,147.16,145.67,145.22,148.9,145.75
2022-12-01,149.98,147.52,150.01,148.88,147.34,146.81,149.16,147.9
2022-12-02,148.13,148.83,149.16,149.71,147.73,147.82,148.67,148.76
2022-12-05,147.94,148.13,148.93,149.35,146.8,147.49,147.41,148.06
2022-12-06,147.3,147.58,147.8,148.25,146.7,146.34,147.5,147.47
2022-12-07,147.33,147.33,148.105,148.02,146.29,146.32,147.27,147.24
2022-12-08,147.9,147.07,149.153,147.94,147.365,146.37,147.78,147.13
2022-12-09,147.4,148.14,148.34,148.93,146.97,147.27,147.05,148.32
2022-12-12,147.82,146.99,149.21,147.76,146.9426,146.41,149.21,147.04
2022-12-13,150.37,148.38,153.21,149.64,149.95,147.76,150.57,148.67
2022-12-14,150.47,150.75,151.91,151.62,148.45,149.75,149.86,150.56
2022-12-15,148.52,149.42,148.98,150.9,141.58,148.61,142.36,149.77
2022-12-16,141.25,143.17,141.915,144.57,138.97,143.23,140.16,143.57
2022-12-19,140.16,139.56,140.44,141.61,137.195,139.35,138.87,139.63
2022-12-20,138.84,138.65,141.425,140.55,138.34,137.95,141.28,139.85
2022-12-21,141.84,140.21,143.09,142.34,140.975,140.12,142.14,141.61
2022-12-22,140.95,142.24,141.44,142.92,138.62,141.24,140.88,143.06
2022-12-23,140.59,140.04,141.8565,141.64,139.6,139.8,141.65,140.94
2022-12-27,141.73,141.5,142.72,142.35,141.23,140.06,142.42,142.07
2022-12-28,142.4,142.33,142.81,143.08,139.95,140.97,140.02,142.83
2022-12-29,140.58,140.7,142.26,141.9,140.45,139.89,141.06,141.4
2022-12-30,140.54,141.15,140.9,142.37,139.45,140.0,140.89,141.69
2023-01-03,141.1,140.1,141.9,141.35,140.48,139.18,141.55,140.75
2023-01-04,142.07,141.25,143.615,142.29,141.3675,140.1,142.6,141.8
2023-01-05,142.44,142.24,142.498,143.26,140.01,141.29,141.11,142.74
2023-01-06,142.38,140.73,144.25,142.02,141.58,140.01,143.7,141.35
2023-01-09,144.08,143.19,145.47,144.64,143.4,142.41,143.55,143.77
2023-01-10,143.61,143.83,144.85,144.65,142.9,142.98,144.8,144.06
2023-01-11,145.0,144.27,145.53,144.95,143.45,143.32,145.26,144.53
2023-01-12,144.88,145.19,146.66,145.78,144.52,144.02,145.55,145.56
2023-01-13,144.06,145.78,146.1,146.49,144.01,144.86,145.89,146.18
2023-01-17,146.42,145.23,147.18,146.02,145.01,144.68,145.19,145.62
2023-01-18,144.4,146.08,144.678,146.36,140.225,145.24,140.41,146.08
2023-01-19,140.0,140.85,142.23,141.9,139.75,140.96,140.62,141.38
2023-01-20,141.67,140.58,141.86,141.77,140.51,139.77,141.2,140.24
2023-01-23,141.4,140.74,142.985,141.68,141.06,140.38,141.86,141.0
2023-01-24,141.25,141.13,142.75,143.04,140.0,141.03,141.49,141.81
2023-01-25,140.47,140.51,141.03,142.14,139.36,140.27,140.76,141.28
2023-01-26,137.53,139.58,138.27,140.83,132.98,139.24,134.45,139.94
2023-01-27,134.44,133.21,135.488,135.76,133.7701,132.71,134.39,135.11
2023-01-30,134.32,134.33,136.11,135.94,133.98,133.65,135.3,133.68
2023-01-31,135.5,134.82,135.65,136.5,133.76,135.02,134.73,135.18
2023-02-01,134.49,134.57,135.79,135.6,132.8,133.92,135.09,134.61
2023-02-02,135.96,134.49,136.72,135.87,134.85,134.19,136.39,134.42
2023-02-03,136.35,136.19,136.95,137.03,135.53,135.88,136.94,136.14
2023-02-06,135.83,136.46,136.32,138.03,134.95,136.26,136.18,136.67
2023-02-07,135.67,135.52,136.4,137.14,134.45,135.39,135.84,135.31
2023-02-08,135.71,135.47,136.74,137.11,135.16,134.91,135.98,135.32
2023-02-09,134.99,135.75,135.73,137.34,133.34,135.22,133.75,135.62
2023-02-10,133.78,133.73,135.77,135.58,133.5,132.46,135.6,133.83
2023-02-13,136.0,134.69,137.39,136.26,135.85,134.33,137.35,134.98
2023-02-14,137.05,136.66,137.24,138.24,135.05,136.54,136.01,136.05
2023-02-15,135.2,135.53,136.445,137.76,135.07,136.2,136.4,135.46
2023-02-16,135.57,135.7,135.9672,137.28,134.59,136.55,135.0,135.07
2023-02-17,134.5,135.14,135.58,136.66,133.89,134.69,135.02,134.71
2023-02-21,134.0,134.89,134.385,136.4,131.66,134.47,131.71,134.64
2023-02-22,131.9,132.31,131.99,133.84,130.29,130.68,130.97,132.7
2023-02-23,131.5,130.94,131.7,133.16,128.86,129.79,130.79,130.5
2023-02-24,129.62,130.16,130.67,131.79,129.22,129.37,130.57,130.53
2023-02-27,131.42,129.66,131.87,131.59,130.13,129.6,130.49,129.97
2023-02-28,130.55,130.72,130.61,131.81,129.14,128.99,129.3,130.15
2023-03-01,128.9,129.29,129.4726,130.24,127.74,127.15,128.19,128.37
2023-03-02,128.39,128.24,129.22,129.23,127.71,126.46,128.93,127.8
2023-03-03,129.35,128.49,129.905,129.33,128.77,126.92,129.64,128.45
2023-03-06,129.64,129.29,130.86,130.02,129.59,127.5,130.19,129.16
2023-03-07,130.28,129.85,130.42,130.96,128.19,128.03,128.25,129.49
2023-03-08,128.48,128.57,128.74,129.17,127.545,126.0,128.05,128.02
2023-03-09,128.3,127.57,128.53,129.1,125.98,126.18,126.16,127.97
2023-03-10,126.12,125.95,127.29,127.72,125.13,123.89,125.45,126.41
2023-03-13,125.15,125.42,128.19,127.17,124.85,123.69,125.58,125.4
2023-03-14,126.49,125.53,126.64,127.2,123.2,123.48,124.65,124.93
2023-03-15,122.99,124.91,123.35,125.77,121.71,122.64,123.28,123.69
2023-03-16,122.96,122.71,124.82,124.0,121.92,122.48,124.7,122.53
2023-03-17,124.08,124.37,124.52,124.99,122.93,123.48,123.69,124.05
2023-03-20,124.31,123.03,126.16,126.59,124.19,119.47,125.94,124.31
2023-03-21,126.9,125.13,127.15,126.21,125.66,125.42,126.57,124.95
2023-03-22,127.0,126.2,127.215,127.51,124.01,125.61,124.05,126.68
2023-03-23,123.81,125.02,124.93,125.99,122.6,123.8,123.37,125.66
2023-03-24,123.36,123.59,125.4,124.61,122.88,123.06,125.29,125.17
2023-03-27,126.47,124.82,130.255,125.95,126.47,124.65,129.31,126.33
2023-03-28,129.18,127.64,129.66,130.41,128.8,127.82,129.34,128.98
2023-03-29,130.12,129.05,130.35,129.92,129.18,128.36,129.71,128.76
2023-03-30,130.16,129.8,131.48,130.01,129.1,128.71,129.22,130.32
2023-03-31,129.47,129.98,131.23,130.51,129.42,128.55,131.09,129.77
2023-04-03,130.97,130.56,132.61,131.33,130.77,129.52,132.06,130.24
2023-04-04,131.99,131.73,132.1499,133.04,130.89,130.95,131.6,131.46
2023-04-05,131.37,131.35,132.61,132.69,131.37,130.83,132.14,131.4
2023-04-06,132.16,131.85,132.6,133.34,130.315,131.11,130.5,131.84
2023-04-10,129.83,130.89,131.08,132.23,129.24,129.89,131.03,131.22
2023-04-11,130.58,130.23,131.105,131.62,130.18,129.66,130.42,130.93
2023-04-12,130.4,130.49,130.8857,131.64,128.17,129.18,128.54,130.76
2023-04-13,128.01,128.96,128.39,130.12,126.0,127.5,127.9,129.81
2023-04-14,128.46,127.06,129.84,128.61,127.31,126.26,128.14,128.23
2023-04-17,128.3,128.63,128.72,129.45,126.8,127.05,127.82,128.94
2023-04-18,128.14,127.33,128.68,128.93,127.35,126.56,127.78,127.72
2023-04-19,126.5,127.42,126.98,128.99,125.3,126.59,126.32,127.24
2023-04-20,130.15,125.56,130.98,127.24,125.84,124.37,126.36,126.04
2023-04-21,126.0,127.06,126.7,129.13,125.27,124.88,125.73,126.57
2023-04-24,125.55,125.37,126.05,127.03,124.56,124.16,125.4,125.37
2023-04-25,124.9,125.18,126.19,126.53,124.76,124.58,125.89,125.55
2023-04-26,125.81,125.23,126.545,126.64,125.12,124.89,125.85,125.95
2023-04-27,126.37,125.47,127.02,126.63,125.455,124.73,126.97,125.97
2023-04-28,126.58,125.95,127.25,127.58,125.64,125.93,126.41,126.37
2023-05-01,126.35,125.95,126.75,127.32,126.06,124.93,126.09,125.94
2023-05-02,126.3,125.86,126.45,127.16,123.27,125.36,125.16,125.87
2023-05-03,125.46,124.95,125.57,125.99,123.26,123.95,123.45,125.49
2023-05-04,123.03,123.73,123.52,124.98,121.7563,122.88,122.57,124.83
2023-05-05,123.11,122.2,124.1,123.78,122.805,122.25,123.65,122.63
2023-05-08,123.76,123.54,123.92,124.74,122.55,123.26,123.4,124.12
2023-05-09,121.9,122.92,121.97,124.25,120.66,123.43,121.17,123.7
2023-05-10,121.99,120.73,122.49,122.12,121.1,120.48,122.02,120.72
2023-05-11,122.02,121.95,122.24,123.04,120.55,121.46,120.9,121.81
2023-05-12,121.41,120.71,122.86,122.1,121.11,120.32,122.84,120.68
2023-05-15,123.0,122.57,123.6881,123.9,122.34,122.47,123.36,122.85
2023-05-16,123.35,123.0,123.86,124.0,122.45,123.21,123.46,123.83
2023-05-17,123.94,123.23,125.85,124.4,123.47,123.49,125.71,124.41
2023-05-18,125.3,125.48,126.51,126.36,125.1894,125.42,126.15,127.02
2023-05-19,126.79,125.92,128.29,126.89,126.55,125.98,127.26,127.42
2023-05-22,127.5,126.93,128.19,128.38,127.15,126.91,127.5,128.09
2023-05-23,127.24,127.14,129.09,128.19,127.13,127.31,128.18,127.87
2023-05-24,127.82,128.07,127.9,128.49,125.47,127.56,125.68,128.04
2023-05-25,125.61,126.14,127.23,127.04,125.01,125.54,126.76,126.65
2023-05-26,127.06,126.17,129.66,127.51,126.81,126.2,128.89,126.55
2023-05-30,129.56,128.17,130.0699,129.41,128.26,127.79,129.48,128.49
2023-05-31,128.51,129.21,129.44,129.73,127.46,128.45,128.59,129.63
2023-06-01,128.44,127.79,130.145,129.5,127.78,126.82,129.82,128.48
2023-06-02,130.38,129.38,133.12,129.38,130.15,128.42,132.42,129.37
2023-06-05,133.12,131.91,133.58,133.32,132.27,130.84,132.64,131.43
2023-06-06,132.43,132.77,132.94,134.32,131.88,131.8,132.69,132.21
2023-06-07,132.5,132.19,134.44,134.17,132.19,131.55,134.38,132.2
2023-06-08,134.69,133.36,135.98,134.85,134.01,132.94,134.41,133.1
2023-06-09,134.36,134.52,136.1,135.84,134.17,133.79,135.3,134.25
2023-06-12,136.0,134.71,136.62,136.42,135.8216,134.34,136.42,134.75
2023-06-13,136.51,136.1,138.17,137.03,136.0,135.55,137.6,135.62
2023-06-14,137.8,136.86,138.93,138.22,136.94,136.51,137.2,137.06
2023-06-15,137.27,137.26,138.8,138.14,137.175,136.92,138.4,137.68
2023-06-16,139.23,137.7,139.469,138.9,137.47,137.27,137.48,138.22
2023-06-20,136.36,137.6,137.23,138.26,135.89,137.64,135.96,138.17
2023-06-21,135.11,135.49,135.39,137.53,133.29,135.56,133.69,136.5
2023-06-22,131.68,133.47,132.96,135.3,130.68,133.37,131.17,135.25
2023-06-23,130.4,130.78,130.62,133.22,129.18,129.32,129.43,133.72
2023-06-26,129.39,129.03,131.41,130.25,129.31,127.02,131.34,131.3
2023-06-27,131.3,130.34,132.95,132.3,130.83,129.44,132.34,131.6
2023-06-28,132.06,131.56,132.17,133.18,130.91,130.36,131.76,132.68
2023-06-29,131.75,131.13,134.35,132.78,131.69,129.77,134.06,131.61
2023-06-30,134.69,133.11,135.03,134.66,133.425,132.04,133.81,132.57
2023-07-03,133.42,133.91,134.35,135.32,132.87,132.94,133.67,132.65
2023-07-05,133.32,133.31,134.31,135.62,132.59,132.5,134.24,131.96
2023-07-06,133.235,133.56,133.9,135.23,131.55,132.94,132.16,131.64
2023-07-07,131.78,132.15,133.855,134.13,131.75,130.39,132.08,130.91
2023-07-10,131.76,132.18,133.05,134.31,131.695,130.25,132.9,130.39
2023-07-11,133.66,132.22,134.56,134.26,133.23,130.75,134.44,130.2
2023-07-12,135.07,133.96,135.33,135.87,132.575,133.97,132.84,131.12
2023-07-13,133.51,133.21,135.07,134.99,133.36,133.18,133.92,131.98
2023-07-14,133.91,134.07,133.92,135.61,132.94,133.88,133.4,132.65
2023-07-17,133.26,133.49,134.61,135.1,133.1,132.92,134.24,132.45
2023-07-18,134.71,134.07,135.95,135.66,134.29,133.66,135.36,133.07
2023-07-19,135.53,135.28,136.45,136.39,135.19,135.01,135.48,133.99
2023-07-20,137.19,135.56,140.32,136.42,136.56,135.48,138.38,135.06
2023-07-21,138.21,138.29,139.7799,138.52,137.76,137.99,138.94,137.84
2023-07-24,139.35,138.54,140.12,139.36,138.7788,137.98,139.54,138.56
2023-07-25,139.42,139.44,140.43,140.22,139.0403,138.71,140.33,139.25
2023-07-26,140.44,139.62,141.25,140.59,139.88,139.29,141.07,140.22
2023-07-27,142.3,140.64,143.38,141.27,141.9,140.04,142.97,141.45
2023-07-28,143.44,142.79,143.95,143.05,142.85,141.66,143.45,143.63
2023-07-31,143.81,143.11,144.605,143.6,143.53,141.89,144.18,143.77
2023-08-01,144.25,143.79,144.48,144.52,142.17,142.42,143.33,144.29
2023-08-02,142.78,142.81,144.3,143.93,142.31,141.89,144.17,143.52
2023-08-03,143.78,143.12,145.22,144.4,143.3116,142.13,144.45,143.89
2023-08-04,145.09,144.02,146.09,144.94,143.99,142.92,144.24,144.52
2023-08-07,145.0,144.47,146.5,145.27,144.93,143.59,146.18,144.89
2023-08-08,145.7,145.73,146.15,146.62,144.11,144.66,145.91,145.88
2023-08-09,144.94,145.0,144.94,145.91,142.3,144.38,142.49,145.54
2023-08-10,143.04,142.74,144.58,143.87,142.69,142.25,143.25,143.2
2023-08-11,143.12,143.32,143.45,144.25,142.205,142.34,143.12,143.34
2023-08-14,143.05,142.69,143.365,143.58,141.802,142.03,141.91,142.51
2023-08-15,141.5,141.94,142.31,143.0,141.2,141.52,141.87,142.01
2023-08-16,141.7,141.32,142.09,142.19,140.56,140.67,140.64,141.45
2023-08-17,141.01,140.64,142.66,141.41,140.6,140.02,140.66,141.02
2023-08-18,140.0,140.53,141.83,141.87,139.76,140.16,141.41,141.09
2023-08-21,141.42,139.96,142.39,142.05,141.11,139.86,142.28,140.8
2023-08-22,142.66,141.43,143.225,142.95,141.3,140.92,141.49,142.19
2023-08-23,141.72,141.4,143.475,142.5,141.58,140.88,143.41,142.09
2023-08-24,143.505,142.59,144.47,143.66,143.22,141.79,143.55,143.05
2023-08-25,144.18,143.59,145.47,144.13,143.5,142.79,145.35,143.83
2023-08-28,145.41,144.66,146.74,145.84,145.21,144.19,146.02,144.99
2023-08-29,146.3,146.0,146.73,146.49,145.62,145.12,146.45,145.98
2023-08-30,146.42,146.44,146.92,146.94,145.7452,145.58,146.86,146.62
2023-08-31,146.94,146.83,147.7275,147.39,146.54,145.85,146.83,147.13
2023-09-01,147.26,147.28,148.1,147.9,146.92,146.3,147.94,147.71
2023-09-05,147.91,147.96,149.0,148.6,147.5719,147.12,148.13,148.24
2023-09-06,147.66,148.29,148.33,148.85,147.12,147.36,148.06,148.46
2023-09-07,148.13,147.76,148.78,148.57,147.4,147.07,147.52,147.98
2023-09-08,147.35,147.9,148.59,148.48,147.26,146.92,147.68,147.97
2023-09-11,148.57,147.62,148.78,148.52,147.58,146.84,148.38,147.76
2023-09-12,147.92,148.39,148.0,149.14,145.8,147.61,146.3,148.46
2023-09-13,145.95,146.33,146.98,147.23,145.92,145.79,146.55,146.57
2023-09-14,147.38,146.54,147.73,147.39,146.48,145.61,147.35,146.4
2023-09-15,147.11,147.41,147.85,148.03,145.53,146.62,145.99,147.55
2023-09-18,145.77,145.99,146.48,146.68,145.06,145.57,145.09,145.83
2023-09-19,145.0,145.28,146.72,146.01,144.66,144.55,146.52,145.32
2023-09-20,148.36,145.49,151.9299,146.7,148.13,145.17,149.83,145.8
2023-09-21,149.0,149.43,149.25,150.95,147.31,148.94,147.38,149.5
2023-09-22,147.41,146.79,148.1,148.28,146.82,146.51,146.91,147.05
2023-09-25,146.57,147.1,147.43,147.83,146.25,145.95,146.48,147.3
2023-09-26,145.51,146.34,146.17,146.7,143.0201,145.48,143.24,146.33
2023-09-27,143.67,143.19,143.82,144.53,141.76,143.28,143.17,143.66
2023-09-28,142.14,142.41,142.282,143.98,140.205,142.36,141.58,143.09
2023-09-29,142.0,140.52,142.13,142.29,139.61,140.52,140.3,141.47
2023-10-02,140.04,140.23,141.45,141.88,139.86,139.72,140.8,141.26
2023-10-03,140.87,140.27,141.64,141.94,140.0,139.55,140.39,141.19
2023-10-04,140.37,140.42,141.2004,141.52,139.99,139.35,141.07,141.26
2023-10-05,140.9,140.48,141.7,141.95,140.19,139.69,141.52,141.23
2023-10-06,141.4,140.9,142.94,141.97,140.11,139.92,142.03,141.59
2023-10-09,142.3,141.36,142.4,142.51,140.68,140.55,142.2,142.07
2023-10-10,142.6,141.59,143.415,142.63,141.72,140.75,142.11,142.15
2023-10-11,142.51,142.09,143.34,143.01,142.14,141.25,143.23,142.59
2023-10-12,142.51,142.56,142.93,143.63,140.95,141.81,141.24,143.02
2023-10-13,139.77,140.99,140.12,142.02,138.27,140.37,138.46,141.5
2023-10-16,139.28,138.07,139.78,139.64,138.52,137.47,139.21,138.66
2023-10-17,137.12,139.06,140.62,140.27,136.31,137.8,140.32,139.68
2023-10-18,140.0,138.14,140.43,140.8,139.58,138.81,139.97,139.39
2023-10-19,138.64,139.91,139.405,141.04,137.93,139.88,138.01,140.55
2023-10-20,138.15,137.72,139.27,139.04,137.12,137.94,137.16,138.15
2023-10-23,136.63,137.81,137.68,138.31,135.87,136.77,136.38,137.8
2023-10-24,136.74,136.21,137.98,137.75,136.05,135.53,137.79,136.63
2023-10-25,137.5,137.04,138.49,138.98,136.33,136.85,137.08,137.71
2023-10-26,142.2,136.52,144.41,138.39,141.58,137.0,143.76,137.18
2023-10-27,143.62,143.57,144.7,144.69,141.71,143.55,142.52,143.57
2023-10-30,143.19,142.05,144.5,143.44,142.58,142.21,142.63,142.35
2023-10-31,143.0,143.14,144.76,144.02,142.59,142.29,144.64,143.1
2023-11-01,145.0,143.86,146.51,144.42,144.45,142.65,145.4,144.44
2023-11-02,145.77,145.68,147.1,146.09,144.84,144.34,147.01,145.94
2023-11-03,147.45,146.33,148.445,147.2,147.28,145.51,147.9,146.78
2023-11-06,147.89,148.06,149.225,148.22,147.85,146.65,148.97,147.91
2023-11-07,149.03,148.4,149.28,149.11,148.03,147.13,148.83,148.6
2023-11-08,149.25,148.51,149.68,149.04,147.585,147.21,148.03,148.49
2023-11-09,146.55,148.03,146.99,148.8,145.28,146.86,146.62,148.17
2023-11-10,147.44,145.55,149.17,146.83,146.85,145.11,149.02,145.84
